-- phpMyAdmin SQL Dump
-- version 4.9.5
-- https://www.phpmyadmin.net/
--
-- Host: localhost:3306
-- Generation Time: Aug 05, 2021 at 04:18 PM
-- Server version: 10.3.30-MariaDB-cll-lve
-- PHP Version: 7.3.28

SET SQL_MODE = "NO_AUTO_VALUE_ON_ZERO";
SET AUTOCOMMIT = 0;
START TRANSACTION;
SET time_zone = "+00:00";


/*!40101 SET @OLD_CHARACTER_SET_CLIENT=@@CHARACTER_SET_CLIENT */;
/*!40101 SET @OLD_CHARACTER_SET_RESULTS=@@CHARACTER_SET_RESULTS */;
/*!40101 SET @OLD_COLLATION_CONNECTION=@@COLLATION_CONNECTION */;
/*!40101 SET NAMES utf8mb4 */;

--
-- Database: `prantomy_main`
--

-- --------------------------------------------------------

--
-- Table structure for table `deposits`
--

CREATE TABLE `deposits` (
  `id` int(11) UNSIGNED NOT NULL,
  `deposit_funds` varchar(255) DEFAULT NULL,
  `withdraw_funds` varchar(255) DEFAULT NULL,
  `name` varchar(255) NOT NULL,
  `phone` varchar(255) NOT NULL,
  `created_at` timestamp NULL DEFAULT NULL,
  `updated_at` timestamp NULL DEFAULT NULL
) ENGINE=InnoDB DEFAULT CHARSET=utf8mb4 ROW_FORMAT=DYNAMIC;

--
-- Dumping data for table `deposits`
--

INSERT INTO `deposits` (`id`, `deposit_funds`, `withdraw_funds`, `name`, `phone`, `created_at`, `updated_at`) VALUES
(6, '5700', NULL, 'সমিতি', '01711973505', '2020-09-01 13:21:35', '2020-09-01 13:21:35'),
(7, '1400', NULL, 'পুন্না', '01711973505', '2020-09-01 13:22:50', '2020-09-01 16:07:19'),
(8, '9030', NULL, 'ফুলকুমারী', '01713301125', '2020-09-01 13:24:14', '2021-03-24 15:20:26'),
(9, '517020', NULL, 'Sujit Paul', '01713301125', '2020-09-01 13:25:40', '2021-03-24 15:20:54'),
(10, '17910', NULL, 'শ্মশান', '01713301125', '2020-09-06 15:09:52', '2020-09-19 11:22:56');

-- --------------------------------------------------------

--
-- Table structure for table `donate_users`
--

CREATE TABLE `donate_users` (
  `id` int(11) UNSIGNED NOT NULL,
  `doner_id` varchar(255) NOT NULL,
  `year` varchar(255) DEFAULT NULL,
  `created_at` timestamp NULL DEFAULT NULL,
  `updated_at` timestamp NULL DEFAULT NULL,
  `january` varchar(255) DEFAULT '0',
  `february` varchar(255) DEFAULT '0',
  `march` varchar(255) DEFAULT '0',
  `april` varchar(255) DEFAULT '0',
  `may` varchar(255) DEFAULT '0',
  `june` varchar(255) DEFAULT '0',
  `july` varchar(255) DEFAULT '0',
  `august` varchar(255) DEFAULT '0',
  `september` varchar(255) DEFAULT '0',
  `october` varchar(255) DEFAULT '0',
  `november` varchar(255) DEFAULT '0',
  `december` varchar(255) DEFAULT '0'
) ENGINE=InnoDB DEFAULT CHARSET=utf8mb4 ROW_FORMAT=DYNAMIC;

--
-- Dumping data for table `donate_users`
--

INSERT INTO `donate_users` (`id`, `doner_id`, `year`, `created_at`, `updated_at`, `january`, `february`, `march`, `april`, `may`, `june`, `july`, `august`, `september`, `october`, `november`, `december`) VALUES
(56, '47', '2019', '2020-08-19 00:21:42', '2020-08-19 00:22:51', '0', '0', '0', '0', '0', '0', '0', '0', '0', '200', '200', '200'),
(57, '47', '2020', '2020-08-19 00:23:32', '2020-12-14 17:37:02', '200', '200', '200', '200', '200', '200', '200', '200', '200', '200', '200', '200'),
(58, '48', '2020', '2020-08-19 00:25:10', '2020-12-14 18:17:09', '300', '300', '300', '300', '300', '300', '300', '300', '300', '300', '300', '300'),
(59, '48', '2019', '2020-08-19 00:26:55', '2020-08-19 00:28:21', '0', '0', '0', '0', '0', '0', '0', '0', '0', '300', '300', '300'),
(60, '49', '2019', '2020-08-19 00:30:30', '2020-08-19 00:33:16', '0', '0', '0', '0', '0', '0', '0', '0', '0', '300', '300', '300'),
(61, '49', '2020', '2020-08-19 00:30:47', '2020-12-14 17:28:31', '300', '300', '300', '300', '300', '300', '300', '300', '300', '300', '300', '300'),
(62, '50', '2019', '2020-08-19 00:34:35', '2020-08-19 00:37:21', '0', '0', '0', '0', '0', '0', '0', '0', '0', '500', '500', '500'),
(63, '50', '2020', '2020-08-19 00:34:50', '2020-12-13 11:54:05', '500', '500', '500', '500', '500', '500', '500', '500', '500', '500', '500', '500'),
(64, '57', '2020', '2020-08-29 19:35:00', '2020-08-29 19:36:26', '100', '100', '100', '0', '0', '0', '0', '0', '0', NULL, NULL, NULL),
(65, '57', '2019', '2020-08-29 19:37:21', '2020-08-29 19:37:46', '0', '0', '0', '0', '0', '0', '0', '0', '0', '100', '100', '100'),
(66, '52', '2019', '2020-08-29 20:06:16', '2020-08-29 20:06:54', '0', '0', '0', '0', '0', '0', '0', '0', '0', '200', '200', '200'),
(67, '52', '2020', '2020-08-29 20:06:30', '2020-11-19 18:56:53', '200', '200', '200', '200', '200', '200', '200', '200', '200', '200', '200', '0'),
(68, '53', '2019', '2020-08-29 20:08:01', '2020-08-29 20:10:30', '0', '0', '0', '0', '0', '0', '0', '0', '0', '300', '300', '300'),
(69, '53', '2020', '2020-08-29 20:08:16', '2021-01-18 19:44:09', '300', '300', '300', '300', '300', '300', '300', '300', '300', '300', '300', '0'),
(70, '54', '2019', '2020-08-29 20:11:07', '2020-08-29 20:12:28', '0', '0', '0', '0', '0', '0', '0', '0', '0', '201', '200', '200'),
(71, '54', '2020', '2020-08-29 20:11:23', '2020-11-18 13:56:10', '200', '200', '200', '200', '200', '200', '200', '200', '200', '200', '200', '0'),
(72, '55', '2019', '2020-08-29 20:12:58', '2020-08-29 20:15:10', '0', '0', '0', '0', '0', '0', '0', '0', '0', '200', '200', '200'),
(73, '55', '2020', '2020-08-29 20:13:22', '2021-03-22 19:27:52', '200', '200', '200', '200', '200', '200', '200', '200', '200', '200', '200', '200'),
(74, '56', '2019', '2020-08-29 20:15:45', '2020-08-29 20:16:31', '0', '0', '0', '0', '0', '0', '0', '0', '0', '200', '200', '200'),
(75, '56', '2020', '2020-08-29 20:16:15', '2021-04-22 17:01:20', '200', '200', '200', '200', '200', '200', '200', '200', '200', '200', '200', '200'),
(76, '58', '2020', '2020-08-29 20:19:27', '2020-12-03 18:23:42', '100', '100', '100', '100', '100', '100', '100', '100', '100', '100', '100', '100'),
(77, '58', '2019', '2020-08-29 20:19:39', '2020-08-29 20:20:02', '0', '0', '0', '0', '0', '0', '0', '0', '0', '100', '100', '100'),
(78, '59', '2019', '2020-08-29 21:40:36', '2020-08-29 21:42:01', '0', '0', '0', '0', '0', '0', '0', '0', '0', '100', '100', '100'),
(79, '59', '2020', '2020-08-29 21:41:06', '2021-03-13 17:53:02', '100', '100', '100', '100', '100', '100', '100', '100', '100', '100', '100', '0'),
(80, '60', '2019', '2020-08-29 21:43:46', '2020-08-29 21:46:48', '0', '0', '0', '0', '0', '0', '0', '0', '0', '200', '200', '200'),
(81, '60', '2020', '2020-08-29 21:44:16', '2021-03-22 20:30:33', '200', '200', '200', '200', '200', '200', '200', '200', '200', '200', '200', '200'),
(82, '61', '2020', '2020-08-29 21:48:15', '2021-01-05 18:12:58', '200', '200', '200', '200', '200', '200', '200', '200', '200', '200', '200', '200'),
(83, '61', '2019', '2020-08-29 21:48:35', '2020-08-29 21:48:57', '0', '0', '0', '0', '0', '0', '0', '0', '0', '200', '200', '200'),
(84, '62', '2020', '2020-08-29 21:50:33', '2020-12-08 17:16:58', '100', '100', '100', '100', '100', '100', '100', '100', '100', '100', '100', '100'),
(85, '62', '2019', '2020-08-29 21:50:51', '2020-08-29 21:51:11', '0', '0', '0', '0', '0', '0', '0', '0', '0', '100', '100', '100'),
(86, '63', '2019', '2020-08-29 22:07:48', '2020-08-29 22:09:39', '0', '0', '0', '0', '0', '0', '0', '0', '0', '300', '300', '300'),
(87, '63', '2020', '2020-08-29 22:08:01', '2020-11-05 17:54:00', '300', '300', '300', '300', '300', '300', '300', '300', '300', '300', '300', '300'),
(88, '64', '2019', '2020-08-29 22:10:54', '2020-08-29 22:11:37', '0', '0', '0', '0', '0', '0', '0', '0', '0', '100', '100', '100'),
(89, '64', '2020', '2020-08-29 22:11:15', '2020-08-29 22:12:04', '100', '100', '100', '100', '100', '100', '100', '0', '0', '0', '0', '0'),
(90, '65', '2019', '2020-08-29 22:13:30', '2020-08-29 22:14:54', '0', '0', '0', '0', '0', '0', '0', '0', '0', '400', '400', '400'),
(91, '65', '2020', '2020-08-29 22:13:51', '2020-12-03 18:09:47', '400', '400', '400', '400', '400', '400', '400', '400', '400', '400', '400', '400'),
(94, '68', '2019', '2020-08-29 22:26:40', '2020-08-29 22:27:51', '0', '0', '0', '0', '0', '0', '0', '0', '0', '100', '100', '100'),
(95, '68', '2020', '2020-08-29 22:27:01', '2020-10-28 18:31:22', '100', '100', '100', '0', '0', '0', '0', '0', '0', '0', '0', '0'),
(96, '69', '2019', '2020-08-29 22:29:31', '2020-08-29 22:30:14', '0', '0', '0', '0', '0', '0', '0', '0', '0', '100', '100', '100'),
(97, '69', '2020', '2020-08-29 22:29:47', '2020-12-08 19:39:41', '100', '100', '100', '100', '100', '100', '100', '100', '100', '100', '100', '100'),
(98, '66', '2019', '2020-08-29 22:41:11', '2020-08-29 22:42:52', '0', '0', '0', '0', '0', '0', '0', '0', '0', '100', '100', '100'),
(99, '66', '2020', '2020-08-29 22:41:39', '2020-12-08 19:02:56', '100', '100', '100', '100', '100', '100', '100', '100', '100', '100', '100', '100'),
(100, '70', '2019', '2020-08-29 22:44:28', '2020-08-29 22:45:06', '0', '0', '0', '0', '0', '0', '0', '0', '0', '100', '100', '100'),
(101, '70', '2020', '2020-08-29 22:44:41', '2020-12-08 17:07:12', '100', '100', '100', '100', '100', '100', '100', '100', '100', '100', '100', '0'),
(102, '71', '2019', '2020-08-29 22:46:45', '2020-08-29 23:27:32', '0', '0', '0', '0', '0', '0', '0', '0', '0', '200', '200', '200'),
(103, '71', '2020', '2020-08-29 22:46:58', '2020-11-29 19:57:02', '200', '200', '200', '200', '200', '200', '200', '200', '0', '0', '0', '0'),
(104, '72', '2019', '2020-08-29 22:51:40', '2020-08-29 22:52:10', '0', '0', '0', '0', '0', '0', '0', '0', '0', '100', '100', '100'),
(105, '72', '2020', '2020-08-29 22:51:51', '2021-01-18 18:57:30', '100', '100', '100', '100', '100', '100', '100', '100', '100', '100', '100', '0'),
(106, '73', '2019', '2020-08-29 22:53:42', '2020-08-29 22:54:12', '0', '0', '0', '0', '0', '0', '0', '0', '0', '200', '200', '200'),
(107, '73', '2020', '2020-08-29 22:53:55', '2020-09-01 17:08:28', '200', '200', '200', '200', '0', '0', '0', '0', '0', '0', '0', '0'),
(108, '74', '2019', '2020-08-29 22:55:33', '2020-08-29 22:56:17', '0', '0', '0', '0', '0', '0', '0', '0', '0', '200', '200', '200'),
(109, '74', '2020', '2020-08-29 22:55:48', '2021-03-22 19:16:59', '200', '200', '200', '200', '200', '200', '200', '200', '200', '200', '200', '200'),
(110, '75', '2019', '2020-08-29 22:58:04', '2020-08-29 22:58:39', '0', '0', '0', '0', '0', '0', '0', '0', '0', '100', '100', '100'),
(111, '75', '2020', '2020-08-29 22:58:17', '2020-09-09 19:04:51', '100', '100', '100', '100', '100', '100', '100', '100', '100', '100', '100', '100'),
(112, '77', '2019', '2020-08-29 23:12:30', '2020-08-29 23:17:28', '0', '0', '0', '0', '0', '0', '0', '0', '0', '100', '100', '100'),
(113, '77', '2020', '2020-08-29 23:12:42', '2020-08-29 23:17:12', '100', '100', '100', '0', '0', '0', '0', '0', '0', '0', '0', '0'),
(114, '78', '2019', '2020-08-29 23:28:44', '2020-08-29 23:29:15', '0', '0', '0', '0', '0', '0', '0', '0', '0', '200', '200', '200'),
(115, '78', '2020', '2020-08-29 23:28:54', '2021-02-13 16:49:27', '200', '200', '200', '200', '200', '200', '200', '200', '200', '200', '200', '200'),
(116, '80', '2019', '2020-08-29 23:32:14', '2020-08-29 23:32:42', '0', '0', '0', '0', '0', '0', '0', '0', '0', '200', '200', '200'),
(117, '80', '2020', '2020-08-29 23:32:25', '2021-01-25 19:15:40', '200', '200', '200', '200', '200', '200', '200', '200', '200', '200', '200', '200'),
(118, '81', '2019', '2020-08-29 23:35:07', '2020-08-29 23:35:41', '0', '0', '0', '0', '0', '0', '0', '0', '0', '200', '200', '200'),
(119, '81', '2020', '2020-08-29 23:35:18', '2020-12-14 18:25:39', '200', '200', '200', '200', '200', '200', '200', '200', '200', '200', '0', '0'),
(120, '82', '2019', '2020-08-29 23:37:37', '2020-08-29 23:38:11', '0', '0', '0', '0', '0', '0', '0', '0', '0', '100', '100', '100'),
(121, '82', '2020', '2020-08-29 23:37:50', '2020-12-13 11:58:56', '100', '100', '100', '100', '100', '100', '100', '100', '100', '100', '100', '100'),
(122, '83', '2019', '2020-08-29 23:40:34', '2020-08-29 23:41:17', '0', '0', '0', '0', '0', '0', '0', '0', '0', '100', '100', '100'),
(123, '83', '2020', '2020-08-29 23:40:46', '2020-12-14 18:31:00', '100', '100', '100', '100', '100', '100', '100', '100', '100', '100', '100', '100'),
(124, '84', '2019', '2020-08-29 23:42:34', '2020-08-29 23:43:11', '0', '0', '0', '0', '0', '0', '0', '0', '0', '200', '200', '200'),
(125, '84', '2020', '2020-08-29 23:42:48', '2020-10-11 19:02:59', '200', '200', '200', '200', '200', '200', '200', '200', '200', '200', '0', '0'),
(126, '85', '2019', '2020-08-29 23:45:02', '2020-08-29 23:45:44', '0', '0', '0', '0', '0', '0', '0', '0', '0', '100', '100', '100'),
(127, '85', '2020', '2020-08-29 23:45:19', '2020-12-02 14:35:02', '100', '100', '100', '100', '100', '100', '100', '100', '100', '100', '100', '100'),
(128, '86', '2019', '2020-08-29 23:48:48', '2020-08-29 23:59:03', '0', '0', '0', '0', '0', '0', '0', '0', '0', '200', '200', '200'),
(129, '86', '2020', '2020-08-29 23:49:03', '2020-11-06 21:07:46', '200', '200', '200', '200', '200', '200', '200', '200', '200', '200', '200', '0'),
(130, '87', '2019', '2020-08-30 00:00:42', '2020-08-30 00:02:17', '0', '0', '0', '0', '0', '0', '0', '0', '0', '100', '100', '100'),
(131, '87', '2020', '2020-08-30 00:00:58', '2020-08-30 00:01:38', '100', '100', '100', '100', '0', '0', '0', '0', '0', '0', '0', '0'),
(132, '88', '2019', '2020-08-30 00:04:05', '2020-08-30 00:05:18', '0', '0', '0', '0', '0', '0', '0', '0', '0', '100', '100', '100'),
(133, '88', '2020', '2020-08-30 00:04:17', '2020-10-13 18:16:37', '100', '100', '100', '100', '100', '100', '100', '100', '100', '100', '100', '100'),
(134, '89', '2019', '2020-08-30 00:06:53', '2020-08-30 00:07:22', '0', '0', '0', '0', '0', '0', '0', '0', '0', '100', '100', '100'),
(135, '89', '2020', '2020-08-30 00:07:59', '2020-12-03 18:37:54', '100', '100', '100', '100', '100', '100', '100', '100', '100', '100', '100', '100'),
(136, '90', '2019', '2020-08-30 00:09:40', '2020-08-30 00:10:10', '0', '0', '0', '0', '0', '0', '0', '0', '0', '100', '100', '100'),
(137, '90', '2020', '2020-08-30 00:09:52', '2020-12-14 17:21:40', '100', '100', '100', '100', '100', '100', '100', '100', '100', '100', '100', '100'),
(138, '91', '2019', '2020-08-30 00:12:39', '2020-08-30 00:13:25', '0', '0', '0', '0', '0', '0', '0', '0', '0', '100', '100', '100'),
(139, '91', '2020', '2020-08-30 00:13:08', '2020-08-30 00:13:37', '100', '100', '100', '0', '0', '0', '0', '0', '0', '0', '0', '0'),
(140, '92', '2019', '2020-08-30 00:16:06', '2020-08-30 00:16:38', '0', '0', '0', '0', '0', '0', '0', '0', '0', '100', '100', '100'),
(141, '92', '2020', '2020-08-30 00:16:18', '2020-12-21 12:13:31', '100', '100', '100', '100', '100', '100', '100', '100', '100', '100', '100', '100'),
(142, '93', '2019', '2020-08-30 00:18:48', '2020-08-30 00:19:18', '0', '0', '0', '0', '0', '0', '0', '0', '0', '200', '200', '200'),
(143, '93', '2020', '2020-08-30 00:19:01', '2020-12-03 18:08:53', '200', '200', '200', '200', '200', '200', '200', '200', '200', '200', '200', '200'),
(144, '94', '2019', '2020-08-30 00:20:32', '2020-08-30 00:21:04', '0', '0', '0', '0', '0', '0', '0', '0', '0', '200', '200', '200'),
(145, '94', '2020', '2020-08-30 00:20:43', '2020-08-31 19:35:21', '200', '200', '200', '200', '200', '200', '200', '200', '0', '0', '0', '0'),
(146, '95', '2019', '2020-08-30 00:23:21', '2020-08-30 00:23:49', '0', '0', '0', '0', '0', '0', '0', '0', '0', '100', '100', '100'),
(147, '95', '2020', '2020-08-30 00:23:32', '2021-01-03 17:41:19', '100', '100', '100', '100', '100', '100', '100', '100', '100', '100', '100', '100'),
(148, '96', '2019', '2020-08-30 00:25:23', '2020-08-30 00:26:04', '0', '0', '0', '0', '0', '0', '0', '0', '0', '50', '50', '50'),
(149, '96', '2020', '2020-08-30 00:25:45', '2020-12-03 18:43:01', '50', '50', '50', '50', '50', '50', '50', '50', '50', '50', '50', '50'),
(150, '97', '2019', '2020-08-30 00:28:31', '2020-08-30 00:31:17', '0', '0', '0', '0', '0', '0', '0', '0', '0', '200', '200', '200'),
(151, '97', '2020', '2020-08-30 00:28:54', '2020-12-16 11:18:59', '200', '200', '200', '200', '200', '200', '200', '200', '200', '200', '200', '200'),
(152, '98', '2019', '2020-08-30 00:34:45', '2020-08-30 00:46:56', '0', '0', '0', '0', '0', '0', '0', NULL, NULL, '100', '100', '100'),
(153, '98', '2020', '2020-08-30 00:34:55', '2020-12-14 17:35:01', '100', '100', '100', '100', '100', '100', '100', '100', '100', '100', '100', '100'),
(154, '99', '2019', '2020-08-30 00:39:44', '2020-08-30 00:40:15', '0', '0', '0', '0', '0', '0', '0', '0', '0', '200', '200', '200'),
(155, '99', '2020', '2020-08-30 00:39:55', '2020-12-14 17:41:58', '200', '200', '200', '200', '200', '200', '200', '200', '200', '200', '200', '200'),
(156, '100', '2019', '2020-08-30 00:41:36', '2020-08-30 00:42:09', '0', '0', '0', '0', '0', '0', '0', '0', '0', '100', '100', '100'),
(157, '100', '2020', '2020-08-30 00:41:47', '2021-01-18 18:25:23', '100', '100', '100', '100', '100', '100', '100', '100', '100', '100', '100', '100'),
(158, '101', '2019', '2020-08-30 00:43:50', '2020-08-30 00:44:24', '0', '0', '0', '0', '0', '0', '0', '0', '0', '100', '100', '100'),
(159, '101', '2020', '2020-08-30 00:44:06', '2020-11-05 21:41:23', '100', '100', '100', '100', '100', '100', '100', '100', '100', '100', '100', '100'),
(161, '102', '2019', '2020-08-30 11:19:39', '2020-08-30 11:20:29', '0', '0', '0', '0', '0', '0', '0', '0', '0', '200', '200', '200'),
(162, '102', '2020', '2020-08-30 11:19:55', '2020-08-30 11:20:48', '200', '200', '0', '0', '0', '0', '0', '0', '0', '0', '0', '0'),
(163, '103', '2019', '2020-08-30 11:22:14', '2020-08-30 11:22:48', '0', '0', '0', '0', '0', '0', '0', '0', '0', '200', '200', '200'),
(164, '103', '2020', '2020-08-30 11:22:26', '2020-08-30 11:22:26', '200', '0', '0', '0', '0', '0', '0', '0', '0', '0', '0', '0'),
(165, '104', '2019', '2020-08-30 11:24:24', '2020-08-30 11:25:03', '0', '0', '0', '0', '0', '0', '0', '0', '0', '100', '100', '100'),
(166, '104', '2020', '2020-08-30 11:24:41', '2020-08-30 11:25:28', '100', '100', '100', '100', '0', '0', '0', '0', '0', '0', '0', '0'),
(167, '105', '2019', '2020-08-30 11:27:42', '2020-08-30 11:29:35', '0', '0', '0', '0', '0', '0', '0', '0', '0', '200', '200', '200'),
(168, '105', '2020', '2020-08-30 11:28:38', '2020-12-16 12:34:21', '200', '200', '200', '200', '200', '200', '200', '200', '0', '0', '0', '0'),
(169, '106', '2019', '2020-08-30 11:33:27', '2020-08-30 11:34:36', '0', '0', '0', '0', '0', '0', '0', '0', '0', '200', '200', '200'),
(170, '106', '2020', '2020-08-30 11:34:11', '2020-08-30 11:34:53', '200', '200', '200', '100', '0', '0', '0', '0', '0', '0', '0', '0'),
(171, '107', '2019', '2020-08-30 11:42:30', '2020-08-30 11:44:52', '0', '0', '0', '0', '0', '0', '0', '0', '0', '100', '100', '100'),
(172, '107', '2020', '2020-08-30 11:43:51', '2021-02-19 18:29:24', '100', '100', '100', '100', '100', '100', '100', '100', '100', '100', '0', '0'),
(173, '108', '2019', '2020-08-30 11:52:40', '2020-08-30 11:54:29', '0', '0', '0', '0', '0', '0', '0', '0', '0', '200', '200', '200'),
(174, '108', '2020', '2020-08-30 11:53:34', '2020-08-30 11:54:02', '200', '200', '0', '0', '0', '0', '0', '0', '0', '0', '0', '0'),
(175, '109', '2019', '2020-08-30 12:05:17', '2020-08-30 12:06:31', '0', '0', '0', '0', '0', '0', '0', '0', '0', '100', '100', '100'),
(176, '109', '2020', '2020-08-30 12:05:33', '2020-08-30 12:06:15', '100', '100', '0', '0', '0', '0', '0', '0', '0', '0', '0', '0'),
(177, '110', '2019', '2020-08-30 12:08:44', '2020-08-30 12:10:00', '0', '0', '0', '0', '0', '0', '0', '0', '0', '50', '50', '50'),
(178, '110', '2020', '2020-08-30 12:09:30', '2020-12-03 18:31:40', '50', '50', '50', '50', '50', '50', '50', '50', '50', '50', '50', '50'),
(179, '111', '2019', '2020-08-30 12:12:57', '2020-08-30 12:13:46', '0', '0', '0', '0', '0', '0', '0', '0', '0', '300', '300', '300'),
(180, '111', '2020', '2020-08-30 12:13:13', '2020-12-18 13:35:26', '300', '300', '300', '300', '300', '300', '300', '300', '300', '300', '300', '300'),
(181, '112', '2019', '2020-08-30 12:16:26', '2020-08-30 12:18:10', '0', '0', '0', '0', '0', '0', '0', '0', '0', '100', '100', '100'),
(182, '112', '2020', '2020-08-30 12:17:04', '2021-01-23 20:28:41', '100', '100', '100', '100', '100', '100', '100', '100', '100', '100', '100', '100'),
(184, '113', '2019', '2020-08-30 12:35:40', '2020-08-30 12:36:35', '0', '0', '0', '0', '0', '0', '0', '0', '0', '200', '200', '200'),
(185, '113', '2020', '2020-08-30 12:35:56', '2020-12-13 20:09:46', '200', '200', '200', '200', '200', '200', '200', '200', '200', '200', '200', '200'),
(186, '114', '2019', '2020-08-30 12:39:43', '2020-08-30 12:40:06', '0', '0', '0', '0', '0', '0', '0', '0', '0', '200', '200', '200'),
(187, '114', '2020', '2020-08-30 12:40:39', '2020-08-30 12:40:39', '200', '200', '0', '0', '0', '0', '0', '0', '0', '0', '0', '0'),
(188, '115', '2019', '2020-08-30 12:42:32', '2020-08-30 12:46:12', '0', '0', '0', '0', '0', '0', '0', '0', '0', '300', '300', '300'),
(189, '115', '2020', '2020-08-30 12:42:46', '2020-08-30 12:47:09', '300', '300', '300', '0', '0', '0', '0', '0', '0', '0', '0', '0'),
(192, '116', '2019', '2020-08-30 12:49:26', '2020-08-30 12:50:32', '0', '0', '0', '0', '0', '0', '0', '0', '0', '300', '300', '300'),
(193, '116', '2020', '2020-08-30 12:49:55', '2021-02-25 14:06:05', '300', '300', '300', '300', '300', '300', '300', '300', '300', '300', '300', '300'),
(194, '117', '2019', '2020-08-30 12:52:07', '2020-08-30 12:52:49', '0', '0', '0', '0', '0', '0', '0', '0', '0', '100', '100', '100'),
(195, '117', '2020', '2020-08-30 12:53:21', '2020-09-09 16:01:11', '100', '100', '100', '100', '100', '100', '100', '100', '100', '100', '0', '0'),
(196, '118', '2019', '2020-08-30 12:55:57', '2020-08-30 12:57:59', '0', '0', '0', '0', '0', '0', '0', '0', '0', '100', '100', '100'),
(197, '118', '2020', '2020-08-30 12:57:29', '2021-02-01 15:22:56', '100', '100', '100', '100', '100', '100', '100', '100', '100', '0', '0', '0'),
(198, '119', '2019', '2020-08-30 13:02:42', '2020-08-30 13:03:56', '0', '0', '0', '0', '0', '0', '0', '0', '0', '100', '100', '100'),
(199, '119', '2020', '2020-08-30 13:03:04', '2021-01-04 16:19:14', '100', '100', '100', '100', '100', '100', '100', '100', '100', '100', '100', '100'),
(200, '120', '2019', '2020-08-30 13:09:01', '2020-08-30 13:10:11', '0', '0', '0', '0', '0', '0', '0', '0', '0', '100', '100', '100'),
(201, '120', '2020', '2020-08-30 13:09:17', '2020-08-30 13:11:16', '100', '100', '100', '100', '100', '100', '100', '100', '100', '100', '100', '100'),
(202, '121', '2019', '2020-08-30 13:13:51', '2020-08-30 13:14:39', '0', '0', '0', '0', '0', '0', '0', '0', '0', '100', '100', '100'),
(203, '121', '2020', '2020-08-30 13:14:03', '2020-12-03 12:29:44', '100', '100', '100', '100', '100', '100', '100', '100', '100', '100', '0', '0'),
(204, '122', '2019', '2020-08-30 13:16:14', '2020-08-30 13:17:10', '0', '0', '0', '0', '0', '0', '0', '0', '0', '100', '100', '100'),
(205, '122', '2020', '2020-08-30 13:16:31', '2021-01-18 19:48:08', '100', '100', '100', '100', '100', '100', '100', '100', '100', '100', '100', '0'),
(206, '123', '2019', '2020-08-30 13:19:03', '2020-08-30 13:19:39', '0', '0', '0', '0', '0', '0', '0', '0', '0', '100', '100', '100'),
(207, '123', '2020', '2020-08-30 13:19:14', '2020-12-08 18:57:22', '100', '100', '100', '100', '100', '100', '100', '100', '100', '100', '100', '0'),
(208, '124', '2019', '2020-08-30 13:21:45', '2020-08-30 13:22:59', '0', '0', '0', '0', '0', '0', '0', '0', '0', '100', '100', '100'),
(209, '124', '2020', '2020-08-30 13:22:36', '2020-12-03 19:25:58', '100', '100', '100', '100', '100', '100', '100', '100', '100', '100', '100', '0'),
(210, '125', '2019', '2020-08-30 13:24:32', '2020-08-30 13:27:20', '0', '0', '0', '0', '0', '0', '0', '0', '0', '100', '100', '100'),
(211, '125', '2020', '2020-08-30 13:24:42', '2021-01-18 19:05:14', '100', '100', '100', '100', '100', '100', '100', '100', '100', '100', '100', '100'),
(212, '126', '2019', '2020-08-30 13:31:31', '2020-08-30 13:32:47', '0', '0', '0', '0', '0', '0', '0', '0', '0', '300', '300', '300'),
(213, '126', '2020', '2020-08-30 13:32:01', '2021-03-24 19:58:47', '300', '300', '300', '300', '300', '300', '300', '300', '300', '300', '0', '0'),
(214, '127', '2019', '2020-08-30 13:35:52', '2020-08-30 13:36:45', '0', '0', '0', '0', '0', '0', '0', '0', '0', '300', '300', '300'),
(215, '127', '2020', '2020-08-30 13:36:20', '2020-12-08 19:22:58', '300', '300', '300', '300', '300', '300', '300', '300', '300', '300', '300', '300'),
(216, '128', '2019', '2020-08-30 15:43:30', '2020-08-30 15:44:45', '0', '0', '0', '0', '0', '0', '0', '0', '0', '100', '100', '100'),
(217, '128', '2020', '2020-08-30 15:44:17', '2021-01-26 17:40:32', '100', '100', '100', '100', '100', '100', '100', '100', '100', '100', '0', '0'),
(218, '129', '2019', '2020-08-30 15:46:46', '2020-08-30 15:47:33', '0', '0', '0', '0', '0', '0', '0', '0', '0', '100', '100', '100'),
(219, '129', '2020', '2020-08-30 15:47:10', '2020-08-30 15:48:22', '100', '100', '100', '100', '100', '100', '100', '0', '0', '0', '0', '0'),
(220, '130', '2019', '2020-08-30 15:50:31', '2020-08-30 15:51:21', '0', '0', '0', '0', '0', '0', '0', '0', '0', '100', '100', '100'),
(221, '130', '2020', '2020-08-30 15:50:54', '2021-03-22 19:55:58', '100', '100', '100', '100', '100', '100', '100', '100', '100', '100', '0', '0'),
(222, '131', '2019', '2020-08-30 15:53:28', '2020-08-30 15:54:25', '0', '0', '0', '0', '0', '0', '0', '0', '0', '100', '100', '100'),
(223, '131', '2020', '2020-08-30 15:54:00', '2020-11-03 12:22:20', '100', '100', '100', '100', '100', '100', '100', '100', '100', '0', '0', '0'),
(224, '132', '2019', '2020-08-30 15:56:23', '2020-08-30 15:57:06', '0', '0', '0', '0', '0', '0', '0', '0', '0', '100', '100', '100'),
(225, '132', '2020', '2020-08-30 15:56:38', '2020-12-02 13:32:47', '100', '100', '100', '100', '100', '100', '100', '100', '100', '100', '100', '100'),
(226, '133', '2019', '2020-08-30 15:58:45', '2020-08-30 16:00:48', '0', '0', '0', '0', '0', '0', '0', '0', '0', '200', '200', '200'),
(227, '133', '2020', '2020-08-30 15:59:40', '2020-12-16 11:19:41', '200', '200', '200', '200', '200', '200', '200', '200', '200', '200', '200', '200'),
(228, '134', '2019', '2020-08-30 16:04:09', '2020-08-30 16:05:10', '0', '0', '0', '0', '0', '0', '0', '0', '0', '100', '100', '100'),
(229, '134', '2020', '2020-08-30 16:04:45', '2020-08-30 16:05:26', '100', '100', '0', '0', '0', '0', '0', '0', '0', '0', '0', '0'),
(230, '135', '2019', '2020-08-30 16:06:45', '2020-08-30 16:07:43', '0', '0', '0', '0', '0', '0', '0', '0', '0', '100', '100', '100'),
(231, '135', '2020', '2020-08-30 16:07:03', '2020-10-28 20:31:31', '100', '100', '100', '100', '100', '100', '100', '100', '0', '0', '0', '0'),
(232, '136', '2019', '2020-08-30 16:10:33', '2020-08-30 16:11:12', '0', '0', '0', '0', '0', '0', '0', '0', '0', '100', '100', '100'),
(233, '136', '2020', '2020-08-30 16:10:50', '2020-08-30 16:11:20', '100', '100', '0', '0', '0', '0', '0', '0', '0', '0', '0', '0'),
(234, '137', '2019', '2020-08-30 16:13:36', '2020-08-30 16:21:56', '0', '0', '0', '0', '0', '0', '0', '0', '0', '100', '100', '100'),
(235, '137', '2020', '2020-08-30 16:15:26', '2020-08-30 16:22:38', '100', '100', '100', '100', '100', '100', '100', '100', '0', '0', '0', '0'),
(236, '138', '2019', '2020-08-30 16:25:11', '2020-08-30 16:26:12', '0', '0', '0', '0', '0', '0', '0', '0', '0', '200', '200', '200'),
(237, '138', '2020', '2020-08-30 16:25:44', '2020-12-13 11:54:41', '200', '200', '200', '200', '200', '200', '200', '200', '200', '200', '200', '200'),
(238, '139', '2019', '2020-08-30 16:29:02', '2020-08-30 16:30:25', '0', '0', '0', '0', '0', '0', '0', '0', '0', '100', '100', '100'),
(239, '139', '2020', '2020-08-30 16:30:04', '2020-12-07 14:05:38', '100', '100', '100', '100', '100', '100', '100', '100', '100', '100', '100', '100'),
(240, '140', '2019', '2020-08-30 16:34:53', '2020-08-30 16:35:50', '0', '0', '0', '0', '0', '0', '0', '0', '0', '100', '100', '100'),
(241, '140', '2020', '2020-08-30 16:35:19', '2021-03-22 19:47:38', '100', '100', '100', '100', '100', '100', '100', '100', '100', '100', '100', '0'),
(242, '141', '2019', '2020-08-30 22:14:53', '2020-08-30 22:15:59', '0', '0', '0', '0', '0', '0', '0', '0', '0', '100', '100', '100'),
(243, '141', '2020', '2020-08-30 22:15:24', '2021-03-22 19:51:33', '100', '100', '100', '100', '100', '100', '100', '100', '100', '100', '100', '100'),
(244, '142', '2019', '2020-08-30 22:18:06', '2020-08-30 22:18:53', '0', '0', '0', '0', '0', '0', '0', '0', '0', '100', '100', '100'),
(245, '142', '2020', '2020-08-30 22:18:23', '2020-08-30 22:18:23', '100', '0', '0', '0', '0', '0', '0', '0', '0', '0', '0', '0'),
(246, '143', '2019', '2020-08-30 22:20:17', '2020-08-30 22:20:55', '0', '0', '0', '0', '0', '0', '0', '0', '0', '200', '200', '200'),
(247, '143', '2020', '2020-08-30 22:20:30', '2020-11-18 13:56:55', '200', '200', '200', '200', '200', '200', '200', '200', '200', '200', '200', '0'),
(248, '144', '2019', '2020-08-30 22:23:04', '2020-08-30 22:24:00', '0', '0', '0', '0', '0', '0', '0', '0', '0', '100', '100', '100'),
(249, '144', '2020', '2020-08-30 22:23:35', '2021-03-22 18:57:13', '100', '100', '100', '100', '100', '100', '100', '100', '100', '100', '100', '100'),
(250, '145', '2019', '2020-08-30 22:25:52', '2020-08-30 22:26:51', '0', '0', '0', '0', '0', '0', '0', '0', '0', '100', '100', '100'),
(251, '145', '2020', '2020-08-30 22:26:09', '2020-11-24 16:11:16', '100', '100', '100', '100', '100', '100', '100', '0', '0', '0', '0', '0'),
(252, '146', '2019', '2020-08-30 22:30:16', '2020-08-30 22:33:17', '0', '0', '0', '0', '0', '0', '0', '0', '0', '500', '500', '500'),
(253, '146', '2020', '2020-08-30 22:30:36', '2020-11-29 18:58:47', '500', '500', '500', '500', '500', '500', '0', '0', '0', '0', '0', '0'),
(254, '147', '2019', '2020-08-30 22:35:45', '2020-08-30 22:36:35', '0', '0', '0', '0', '0', '0', '0', '0', '0', '100', '100', '100'),
(255, '147', '2020', '2020-08-30 22:36:00', '2020-09-27 18:06:02', '100', '100', '100', '100', '100', '100', '100', '0', '0', '0', '0', '0'),
(256, '148', '2019', '2020-08-30 22:38:37', '2020-08-30 22:39:21', '0', '0', '0', '0', '0', '0', '0', '0', '0', '50', '50', '50'),
(257, '148', '2020', '2020-08-30 22:38:53', '2020-11-18 13:57:42', '50', '50', '50', '50', '50', '50', '50', '50', '50', '50', '50', '0'),
(258, '149', '2019', '2020-08-30 22:42:32', '2020-08-30 22:45:34', '0', '0', '0', '0', '0', '0', '0', '0', '0', '100', '100', '100'),
(259, '149', '2020', '2020-08-30 22:43:43', '2021-01-18 19:20:27', '100', '100', '100', '100', '100', '100', '100', '100', '100', '100', '0', '0'),
(260, '150', '2019', '2020-08-30 22:47:21', '2020-08-30 22:48:18', '0', '0', '0', '0', '0', '0', '0', '0', '0', '100', '100', '100'),
(261, '150', '2020', '2020-08-30 22:47:36', '2020-08-30 22:48:57', '100', '100', '100', '100', '100', '100', '100', '100', '100', '100', '100', '100'),
(262, '151', '2019', '2020-08-30 22:50:13', '2020-08-30 22:51:12', '0', '0', '0', '0', '0', '0', '0', '0', '0', '200', '200', '200'),
(263, '151', '2020', '2020-08-30 22:50:31', '2020-09-09 17:55:55', '200', '200', '200', '200', '200', '200', '200', '200', '0', '0', '0', '0'),
(264, '152', '2019', '2020-08-30 22:52:53', '2020-08-30 22:53:36', '0', '0', '0', '0', '0', '0', '0', '0', '0', '200', '200', '200'),
(265, '152', '2020', '2020-08-30 22:53:09', '2020-12-08 19:01:50', '200', '200', '200', '200', '200', '200', '200', '200', '200', '200', '200', '200'),
(266, '153', '2019', '2020-08-30 23:01:33', '2020-08-30 23:02:26', '0', '0', '0', '0', '0', '0', '0', '0', '0', '200', '200', '200'),
(267, '153', '2020', '2020-08-30 23:01:50', '2021-02-15 17:42:36', '200', '200', '200', '200', '200', '200', '200', '200', '200', '0', '0', '0'),
(268, '154', '2019', '2020-08-30 23:03:59', '2020-08-30 23:04:54', '0', '0', '0', '0', '0', '0', '0', '0', '0', '100', '100', '100'),
(269, '154', '2020', '2020-08-30 23:04:19', '2021-03-22 18:58:04', '100', '100', '100', '100', '100', '100', '100', '100', '100', '100', '0', '0'),
(270, '155', '2019', '2020-08-30 23:07:01', '2020-08-30 23:07:44', '0', '0', '0', '0', '0', '0', '0', '0', '0', '100', '100', '100'),
(271, '155', '2020', '2020-08-30 23:07:17', '2020-10-11 15:54:24', '100', '100', '100', '100', '100', '100', '100', '100', '100', '0', '0', '0'),
(272, '156', '2019', '2020-08-30 23:09:37', '2020-08-30 23:10:18', '0', '0', '0', '0', '0', '0', '0', '0', '0', '100', '100', '100'),
(273, '156', '2020', '2020-08-30 23:09:52', '2020-08-30 23:10:46', '100', '100', '100', '100', '100', '100', '100', '100', '0', '0', '0', '0'),
(274, '157', '2019', '2020-08-30 23:12:11', '2020-08-30 23:12:57', '0', '0', '0', '0', '0', '0', '0', '0', '0', '100', '100', '100'),
(275, '157', '2020', '2020-08-30 23:12:28', '2020-08-30 23:13:19', '100', '100', '100', '100', '100', '100', '100', '100', '0', '0', '0', '0'),
(276, '158', '2019', '2020-08-30 23:15:35', '2020-08-30 23:16:29', '0', '0', '0', '0', '0', '0', '0', '0', '0', '100', '100', '100'),
(277, '158', '2020', '2020-08-30 23:15:51', '2021-01-23 20:30:09', '100', '100', '100', '100', '100', '100', '100', '100', '100', '100', '100', '100'),
(278, '159', '2019', '2020-08-30 23:18:04', '2020-08-30 23:18:51', '0', '0', '0', '0', '0', '0', '0', '0', '0', '100', '100', '100'),
(279, '159', '2020', '2020-08-30 23:18:27', '2020-08-30 23:18:27', '100', '0', '0', '0', '0', '0', '0', '0', '0', '0', '0', '0'),
(280, '160', '2019', '2020-08-30 23:19:53', '2020-08-30 23:20:34', '0', '0', '0', '0', '0', '0', '0', '0', '0', '100', '100', '100'),
(281, '160', '2020', '2020-08-30 23:20:11', '2021-02-18 20:28:18', '100', '100', '100', '100', '100', '100', '100', '100', '100', '100', '100', '100'),
(282, '161', '2019', '2020-08-30 23:22:13', '2020-08-30 23:22:50', '0', '0', '0', '0', '0', '0', '0', '0', '0', '100', '100', '100'),
(283, '161', '2020', '2020-08-30 23:22:28', '2021-02-15 17:44:40', '100', '100', '100', '100', '100', '100', '100', '100', '100', '0', '0', '0'),
(284, '162', '2019', '2020-08-30 23:24:09', '2020-08-30 23:24:53', '0', '0', '0', '0', '0', '0', '0', '0', '0', '200', '200', '200'),
(285, '162', '2020', '2020-08-30 23:24:28', '2021-03-22 20:10:02', '200', '200', '200', '200', '200', '200', '200', '200', '200', '200', '200', '200'),
(286, '163', '2019', '2020-08-30 23:26:48', '2020-08-30 23:27:32', '0', '0', '0', '0', '0', '0', '0', '0', '0', '200', '200', '200'),
(287, '163', '2020', '2020-08-30 23:27:03', '2020-12-08 19:32:55', '200', '200', '200', '200', '200', '200', '200', '200', '200', '200', '200', '200'),
(288, '164', '2019', '2020-08-30 23:29:12', '2020-08-30 23:30:08', '0', '0', '0', '0', '0', '0', '0', '0', '0', '100', '100', '100'),
(289, '164', '2020', '2020-08-30 23:29:42', '2020-12-13 20:19:57', '100', '100', '100', '100', '100', '100', '100', '100', '100', '100', '100', '100'),
(290, '165', '2019', '2020-08-30 23:47:26', '2020-08-30 23:48:48', '0', '0', '0', '0', '0', '0', '0', '0', '0', '200', '200', '200'),
(291, '165', '2020', '2020-08-30 23:47:44', '2020-12-08 19:26:18', '200', '200', '200', '200', '200', '200', '200', '200', '200', '200', '200', '200'),
(292, '166', '2019', '2020-08-30 23:49:56', '2020-08-30 23:50:30', '0', '0', '0', '0', '0', '0', '0', '0', '0', '100', '100', '100'),
(293, '166', '2020', '2020-08-30 23:50:08', '2020-10-13 18:52:52', '100', '100', '100', '100', '100', '100', '100', '100', '0', '0', '0', '0'),
(294, '167', '2019', '2020-08-30 23:51:56', '2020-08-30 23:52:37', '0', '0', '0', '0', '0', '0', '0', '0', '0', '100', '100', '100'),
(295, '167', '2020', '2020-08-30 23:52:18', '2021-01-18 20:05:52', '100', '100', '100', '100', '100', '100', '100', '100', '100', '100', '100', '100'),
(296, '168', '2019', '2020-08-30 23:54:02', '2020-08-30 23:55:59', '0', '0', '0', '0', '0', '0', '0', '0', '0', '100', '100', '100'),
(297, '168', '2020', '2020-08-30 23:54:14', '2020-11-29 19:33:53', '100', '100', '100', '100', '100', '100', '100', '100', '100', '100', '100', '100'),
(298, '169', '2019', '2020-08-30 23:57:15', '2020-08-30 23:58:06', '0', '0', '0', '0', '0', '0', '0', '0', '0', '100', '100', '100'),
(299, '169', '2020', '2020-08-30 23:58:44', '2020-12-08 19:15:40', '100', '100', '100', '100', '100', '100', '100', '100', '100', '100', '100', '100'),
(300, '170', '2019', '2020-08-31 00:00:19', '2020-08-31 00:01:04', '0', '0', '0', '0', '0', '0', '0', '0', '0', '200', '200', '200'),
(301, '170', '2020', '2020-08-31 00:00:43', '2021-01-18 19:33:47', '200', '200', '200', '200', '200', '200', '200', '200', '200', '200', '200', '200'),
(302, '171', '2019', '2020-08-31 00:02:52', '2020-08-31 00:03:28', '0', '0', '0', '0', '0', '0', '0', '0', '0', '200', '200', '200'),
(303, '171', '2020', '2020-08-31 00:03:06', '2020-12-03 19:42:25', '200', '200', '100', '100', '100', '100', '100', '0', '0', '0', '0', '0'),
(304, '172', '2019', '2020-08-31 00:06:43', '2020-08-31 00:07:22', '0', '0', '0', '0', '0', '0', '0', '0', '0', '50', '50', '500'),
(305, '172', '2020', '2020-08-31 00:06:58', '2020-08-31 00:07:31', '50', '50', '0', '0', '0', '0', '0', '0', '0', '0', '0', '0'),
(306, '173', '2019', '2020-08-31 00:08:32', '2020-08-31 00:09:09', '0', '0', '0', '0', '0', '0', '0', '0', '0', '50', '50', '50'),
(307, '173', '2020', '2020-08-31 00:08:48', '2020-12-17 18:49:16', '50', '50', '50', '50', '50', '50', '50', '50', '50', '50', '50', '50'),
(308, '174', '2019', '2020-08-31 00:12:09', '2020-08-31 00:12:48', '0', '0', '0', '0', '0', '0', '0', '0', '0', '50', '50', '50'),
(309, '174', '2020', '2020-08-31 00:12:28', '2020-08-31 00:13:01', '50', '50', '0', '0', '0', '0', '0', '0', '0', '0', '0', '0'),
(310, '175', '2019', '2020-08-31 00:14:14', '2020-08-31 00:14:56', '0', '0', '0', '0', '0', '0', '0', '0', '0', '300', '300', '300'),
(311, '175', '2020', '2020-08-31 00:14:31', '2020-08-31 00:15:07', '300', '300', '0', '0', '0', '0', '0', '0', '0', '0', '0', '0'),
(312, '176', '2019', '2020-08-31 16:14:31', '2020-08-31 16:15:17', '0', '0', '0', '0', '0', '0', '0', '0', '0', '200', '200', '200'),
(313, '176', '2020', '2020-08-31 16:14:45', '2020-08-31 16:14:45', '200', '0', '0', '0', '0', '0', '0', '0', '0', '0', '0', '0'),
(314, '177', '2019', '2020-08-31 16:16:59', '2020-08-31 16:18:04', '0', '0', '0', '0', '0', '0', '0', '0', '0', '100', '100', '100'),
(315, '177', '2020', '2020-08-31 16:17:28', '2020-08-31 16:18:36', '100', '100', '100', '100', '0', '0', '0', '0', '0', '0', '0', '0'),
(316, '178', '2019', '2020-08-31 16:20:18', '2020-08-31 16:21:04', '0', '0', '0', '0', '0', '0', '0', '0', '0', '100', '100', '100'),
(317, '178', '2020', '2020-08-31 16:20:31', '2020-11-04 12:18:34', '100', '100', '100', '100', '100', '100', '100', '100', '100', '100', '100', '100'),
(318, '179', '2019', '2020-08-31 16:22:42', '2020-08-31 16:24:44', '0', '0', '0', '0', '0', '0', '0', '0', '0', '200', '200', '200'),
(319, '179', '2020', '2020-08-31 16:23:15', '2020-08-31 16:23:59', '200', '200', '0', '0', '0', '0', '0', '0', '0', '0', '0', '0'),
(320, '180', '2019', '2020-08-31 16:27:11', '2020-08-31 16:27:48', '0', '0', '0', '0', '0', '0', '0', '0', '0', '100', '100', '100'),
(321, '180', '2020', '2020-08-31 16:27:21', '2020-08-31 16:28:00', '100', '100', '0', '0', '0', '0', '0', '0', '0', '0', '0', '0'),
(322, '181', '2019', '2020-08-31 16:30:41', '2020-08-31 16:31:30', '0', '0', '0', '0', '0', '0', '0', '0', '0', '200', '200', '200'),
(323, '181', '2020', '2020-08-31 16:30:54', '2021-02-12 20:49:59', '200', '200', '200', '200', '200', '200', '200', '200', '0', '0', '0', '0'),
(324, '182', '2019', '2020-08-31 16:33:39', '2020-08-31 16:34:20', '0', '0', '0', '0', '0', '0', '0', '0', '0', '100', '100', '100'),
(325, '182', '2020', '2020-08-31 16:33:50', '2020-10-20 17:48:26', '100', '100', '100', '100', '100', '100', '100', '100', '100', '100', '0', '0'),
(326, '183', '2019', '2020-08-31 16:36:27', '2020-08-31 16:37:26', '0', '0', '0', '0', '0', '0', '0', '0', '0', '200', '200', '200'),
(327, '183', '2020', '2020-08-31 16:37:00', '2020-11-18 17:21:01', '200', '200', '200', '200', '100', '0', '0', '0', '0', '0', '0', '0'),
(328, '184', '2019', '2020-08-31 16:38:55', '2020-08-31 16:39:40', '0', '0', '0', '0', '0', '0', '0', '0', '0', '100', '100', '100'),
(329, '184', '2020', '2020-08-31 16:39:10', '2020-12-08 15:07:01', '100', '100', '100', '100', '100', '100', '100', '100', '100', '100', '100', '100'),
(330, '185', '2019', '2020-08-31 16:41:06', '2020-08-31 16:42:04', '0', '0', '0', '0', '0', '0', '0', '0', '0', '100', '100', '100'),
(331, '185', '2020', '2020-08-31 16:41:29', '2020-12-10 13:08:41', '100', '100', '100', '100', '100', '100', '100', '100', '100', '100', '0', '0'),
(332, '186', '2019', '2020-08-31 16:44:13', '2020-08-31 16:44:54', '0', '0', '0', '0', '0', '0', '0', '0', '0', '100', '100', '100'),
(333, '186', '2020', '2020-08-31 16:44:29', '2020-10-05 18:53:33', '100', '100', '100', '100', '100', '100', '100', '100', '100', '100', '100', '100'),
(334, '187', '2019', '2020-08-31 16:47:06', '2020-08-31 16:47:45', '0', '0', '0', '0', '0', '0', '0', '0', '0', '100', '100', '100'),
(335, '187', '2020', '2020-08-31 16:47:23', '2021-02-10 19:31:21', '100', '100', '100', '100', '100', '100', '100', '100', '100', '0', '0', '0'),
(336, '188', '2019', '2020-08-31 16:49:49', '2020-08-31 16:50:25', '0', '0', '0', '0', '0', '0', '0', '0', '0', '100', '100', '100'),
(337, '189', '2019', '2020-08-31 16:57:23', '2020-08-31 16:57:48', '0', '0', '0', '0', '0', '0', '0', '0', '0', '200', '200', '200'),
(338, '189', '2020', '2020-08-31 16:58:18', '2020-08-31 16:58:18', '0', '0', '0', '0', '0', '0', '0', '0', '0', '0', '0', '0'),
(339, '190', '2019', '2020-08-31 17:00:24', '2020-08-31 17:01:36', '0', '0', '0', '0', '0', '0', '0', '0', '0', '500', '500', '500'),
(340, '190', '2020', '2020-08-31 17:01:05', '2020-08-31 17:01:47', '500', '500', '0', '0', '0', '0', '0', '0', '0', '0', '0', '0'),
(341, '191', '2019', '2020-08-31 22:24:35', '2020-08-31 22:25:42', '0', '0', '0', '0', '0', '0', '0', '0', '0', '100', '100', '100'),
(342, '191', '2020', '2020-08-31 22:24:50', '2020-12-14 18:15:41', '100', '100', '100', '100', '100', '100', '100', '100', '100', '100', '0', '0'),
(343, '192', '2019', '2020-08-31 22:27:04', '2020-08-31 22:27:44', '0', '0', '0', '0', '0', '0', '0', '0', '0', '100', '100', '100'),
(344, '192', '2020', '2020-08-31 22:27:20', '2021-04-22 17:04:35', '100', '100', '100', '100', '100', '100', '100', '100', '100', '100', '100', '100'),
(345, '193', '2019', '2020-08-31 22:30:29', '2020-08-31 22:31:25', '0', '0', '0', '0', '0', '0', '0', '0', '0', '100', '100', '100'),
(346, '193', '2020', '2020-08-31 22:30:44', '2020-08-31 22:31:05', '100', '100', '0', '0', '0', '0', '0', '0', '0', '0', '0', '0'),
(347, '194', '2019', '2020-08-31 22:33:15', '2020-08-31 22:36:26', '0', '0', '0', '0', '0', '0', '0', '0', '0', '100', '100', '100'),
(348, '194', '2020', '2020-08-31 22:35:09', '2020-08-31 22:35:09', '100', '0', '0', '0', '0', '0', '0', '0', '0', '0', '0', '0'),
(349, '195', '2019', '2020-08-31 22:37:54', '2020-08-31 22:39:07', '0', NULL, '0', '0', '0', '0', '0', '0', '0', '300', '300', '300'),
(350, '195', '2020', '2020-08-31 22:39:40', '2020-08-31 22:40:05', '300', '300', '0', '0', '0', '0', '0', '0', '0', '0', '0', '0'),
(351, '196', '2019', '2020-08-31 22:41:38', '2020-08-31 22:42:33', '0', '0', '0', '0', '0', '0', '0', '0', '0', '100', '100', '100'),
(352, '196', '2020', '2020-08-31 22:42:03', '2020-12-13 18:31:48', '100', '100', '100', '100', '100', '100', '100', '100', '100', '100', '100', '100'),
(353, '197', '2019', '2020-08-31 22:45:26', '2020-08-31 22:48:55', '0', '0', '0', '0', '0', '0', '0', '0', '0', '100', '100', '100'),
(354, '197', '2020', '2020-08-31 22:45:51', '2020-10-31 20:49:09', '100', '100', '100', '100', '100', '100', '0', '0', '0', '0', '0', '0'),
(355, '198', '2019', '2020-08-31 22:50:27', '2020-08-31 22:51:26', '0', '0', '0', '0', '0', '0', '0', '0', '0', '100', '100', '100'),
(356, '198', '2020', '2020-08-31 22:51:00', '2021-02-13 11:38:25', '100', '100', '100', '100', '100', '100', '100', '100', '100', '0', '0', '0'),
(357, '199', '2019', '2020-08-31 22:53:17', '2020-08-31 22:54:05', '0', '0', '0', '0', '0', '0', '0', '0', '0', '100', '100', '100'),
(358, '199', '2020', '2020-08-31 22:53:33', '2020-08-31 22:53:33', '0', '0', '0', '0', '0', '0', '0', '0', '0', '0', '0', '0'),
(359, '200', '2019', '2020-08-31 22:57:25', '2020-08-31 22:58:21', '0', '0', '0', '0', '0', '0', '0', '0', '0', '100', '100', '100'),
(360, '200', '2020', '2020-08-31 22:57:40', '2020-12-13 11:56:09', '100', '100', '100', '100', '100', '100', '100', '100', '100', '100', '100', '100'),
(361, '201', '2019', '2020-08-31 23:06:44', '2020-08-31 23:07:28', '0', '0', '0', '0', '0', '0', '0', '0', '0', '100', '100', '100'),
(362, '201', '2020', '2020-08-31 23:07:02', '2020-12-13 11:55:28', '100', '100', '100', '100', '100', '100', '100', '100', '100', '100', '100', '100'),
(363, '202', '2019', '2020-08-31 23:09:53', '2020-08-31 23:11:04', '0', '0', '0', '0', '0', '0', '0', '0', '0', '100', '100', '100'),
(364, '202', '2020', '2020-08-31 23:10:08', '2020-11-16 18:17:30', '100', '100', '100', '100', '100', '100', '100', '100', '100', '100', '100', '100'),
(365, '203', '2019', '2020-08-31 23:12:44', '2020-08-31 23:13:34', '0', '0', '0', '0', '0', '0', '0', '0', '0', '600', '600', '600'),
(366, '203', '2020', '2020-08-31 23:13:03', '2020-08-31 23:14:16', '600', '600', '600', '600', '600', '600', '600', '600', '600', '600', '600', '600'),
(367, '204', '2019', '2020-08-31 23:17:52', '2020-08-31 23:19:03', '0', '0', '0', '0', '0', '0', '0', '0', '0', '100', '100', '100'),
(368, '204', '2020', '2020-08-31 23:18:11', '2020-12-28 21:53:19', '100', '100', '100', '100', '100', '100', '100', '0', '0', '0', '0', '0'),
(369, '205', '2020', '2020-08-31 23:26:34', '2020-10-11 13:23:06', '100', '100', '100', '100', '100', '100', '100', '0', '0', '0', '0', '0'),
(370, '206', '2019', '2020-08-31 23:28:05', '2020-09-28 19:27:19', '0', '0', '0', '0', '0', '0', '0', '0', '0', '200', '200', '200'),
(371, '206', '2020', '2020-08-31 23:28:18', '2020-12-14 19:38:18', '200', '200', '200', '200', '200', '200', '200', '200', '100', '0', '0', '0'),
(372, '207', '2019', '2020-08-31 23:30:07', '2020-08-31 23:32:32', '0', '0', '0', '0', '0', '0', '0', '0', '0', '100', '100', '100'),
(373, '207', '2020', '2020-08-31 23:30:21', '2020-12-13 18:00:52', '100', '100', '100', '100', '100', '100', '100', '100', '100', '100', '100', '100'),
(374, '208', '2019', '2020-08-31 23:31:24', '2020-08-31 23:33:15', '0', '0', '0', '0', '0', '0', '0', '0', '0', '100', '100', '100'),
(375, '208', '2020', '2020-08-31 23:31:51', '2021-01-18 19:46:17', '100', '100', '100', '100', '100', '100', '100', '100', '100', '100', '100', '0'),
(376, '209', '2019', '2020-08-31 23:43:07', '2020-08-31 23:44:08', '0', '0', '0', '0', '0', '0', '0', '0', '0', '100', '100', '100'),
(377, '209', '2020', '2020-08-31 23:43:27', '2021-02-14 19:28:34', '100', '100', '100', '100', '100', '100', '100', '100', '100', '100', '100', '100'),
(378, '210', '2019', '2020-09-01 00:17:08', '2020-09-01 00:18:27', '0', '0', '0', '0', '0', '0', '0', '0', '0', '100', '100', '100'),
(379, '210', '2020', '2020-09-01 00:17:33', '2021-02-14 19:26:01', '100', '100', '100', '100', '100', '100', '100', '100', '100', '100', '100', '100'),
(380, '211', '2019', '2020-09-01 00:20:04', '2020-09-01 00:20:57', '0', '0', '0', '0', '0', '0', '0', '0', '0', '100', '100', '100'),
(381, '211', '2020', '2020-09-01 00:20:26', '2020-09-01 00:21:11', '100', '100', '100', '0', '0', '0', '0', '0', '0', '0', '0', '0'),
(382, '212', '2019', '2020-09-01 00:22:17', '2020-09-01 00:23:43', '0', '0', '0', '0', '0', '0', '0', '0', '0', '100', '100', '100'),
(383, '212', '2020', '2020-09-01 00:22:42', '2020-12-14 18:17:49', '100', '100', '100', '100', '100', '100', '100', '100', '100', '100', '100', '100'),
(384, '213', '2019', '2020-09-01 00:25:28', '2020-09-01 00:26:19', '0', '0', '0', '0', '0', '0', '0', '0', '0', '50', '50', '50'),
(385, '213', '2020', '2020-09-01 00:25:50', '2020-12-14 17:31:30', '50', '50', '50', '50', '50', '50', '50', '50', '50', '50', '50', '50'),
(386, '214', '2019', '2020-09-01 00:29:21', '2020-09-01 00:30:25', '0', '0', '0', '0', '0', '0', '0', '0', '0', '50', '50', '50'),
(387, '214', '2020', '2020-09-01 00:29:54', '2020-12-14 17:30:03', '50', '50', '50', '50', '50', '50', '50', '50', '50', '50', '50', '50'),
(388, '215', '2019', '2020-09-01 00:32:35', '2020-09-01 00:33:24', '0', '0', '0', '0', '0', '0', '0', '0', '0', '50', '50', '50'),
(389, '215', '2020', '2020-09-01 00:32:55', '2020-12-14 17:30:41', '50', '50', '50', '50', '50', '50', '50', '50', '50', '50', '50', '50'),
(390, '216', '2020', '2020-09-01 00:35:28', '2020-12-28 11:04:15', '100', '100', '100', '100', '100', '100', '100', '100', '100', '100', '100', '100'),
(391, '217', '2020', '2020-09-01 00:37:32', '2020-11-06 21:09:17', '100', '100', '100', '100', '100', '100', '100', '100', '100', '100', '100', '0'),
(393, '218', '2020', '2020-09-01 00:39:33', '2020-11-06 21:12:44', '100', '100', '100', '100', '100', '100', '100', '100', '100', '100', '0', '0'),
(394, '219', '2020', '2020-09-01 00:42:05', '2020-11-06 21:10:12', '100', '100', '100', '100', '100', '100', '100', '100', '100', '100', '100', '0'),
(395, '220', '2020', '2020-09-01 00:44:42', '2020-11-06 21:08:30', '100', '100', '100', '100', '100', '100', '100', '100', '100', '100', '100', '0'),
(396, '221', '2020', '2020-09-01 00:46:44', '2020-12-14 17:38:46', '100', '100', '100', '100', '100', '100', '100', '100', '100', '100', '100', '100'),
(397, '222', '2020', '2020-09-01 00:48:52', '2020-09-01 00:49:20', '100', '100', '0', '0', '0', '0', '0', '0', '0', '0', '0', '0'),
(398, '223', '2020', '2020-09-01 00:50:34', '2020-09-01 00:51:01', '100', '100', '0', '0', '0', '0', '0', '0', '0', '0', '0', '0'),
(399, '224', '2020', '2020-09-01 00:52:07', '2020-12-28 13:40:35', '100', '100', '100', '100', '100', '100', '100', '0', '0', '0', '0', '0'),
(400, '225', '2020', '2020-09-01 00:53:39', '2020-10-12 12:04:04', '100', '100', '100', '100', '100', '100', '100', '100', '100', '100', '100', '100'),
(401, '226', '2020', '2020-09-01 00:55:24', '2020-11-18 13:58:58', '50', '50', '50', '50', '50', '50', '50', '50', '50', '50', '50', '0'),
(402, '227', '2020', '2020-09-01 00:57:04', '2020-09-01 00:57:41', '100', '100', '0', '0', '0', '0', '0', '0', '0', '0', '0', '0'),
(404, '228', '2020', '2020-09-01 01:04:06', '2020-09-01 01:04:33', '100', '100', '0', '0', '0', '0', '0', '0', '0', '0', '0', '0'),
(405, '229', '2020', '2020-09-01 01:05:59', '2020-09-01 01:06:25', '100', '100', '0', '0', '0', '0', '0', '0', '0', '0', '0', '0'),
(406, '230', '2020', '2020-09-01 01:08:23', '2020-09-01 01:08:52', '100', '100', '0', '0', '0', '0', '0', '0', '0', '0', '0', '0'),
(407, '231', '2020', '2020-09-01 01:10:06', '2020-12-13 20:10:22', '100', '100', '100', '100', '100', '100', '100', '100', '100', '100', '100', '100'),
(408, '232', '2019', '2020-09-01 01:12:06', '2020-09-01 01:13:49', '0', '0', '0', '0', '0', '0', '0', '0', '0', '100', '100', '100'),
(409, '232', '2020', '2020-09-01 01:12:44', '2020-09-01 01:13:19', '100', '100', '0', '0', '0', '0', '0', '0', '0', '0', '0', '0'),
(410, '233', '2019', '2020-09-01 01:15:08', '2020-09-01 01:16:10', '0', '0', '0', '0', '0', '0', '0', '0', '0', '100', '100', '100'),
(411, '233', '2020', '2020-09-01 01:15:35', '2021-01-18 19:45:38', '100', '100', '100', '100', '100', '100', '100', '100', '100', '100', '100', '0'),
(412, '234', '2019', '2020-09-01 01:17:48', '2020-09-01 01:19:07', '0', '0', '0', '0', '0', '0', '0', '0', '0', '100', '100', '100'),
(413, '234', '2020', '2020-09-01 01:18:11', '2021-01-18 19:44:52', '100', '100', '100', '100', '100', '100', '100', '100', '100', '100', '100', '0'),
(414, '235', '2020', '2020-09-01 01:22:03', '2020-12-02 13:33:20', '100', '100', '100', '100', '100', '100', '100', '100', '100', '100', '100', '100'),
(415, '236', '2019', '2020-09-01 01:24:01', '2020-09-01 01:25:00', '0', '0', '0', '0', '0', '0', '0', '0', '0', '100', '100', '100'),
(416, '236', '2020', '2020-09-01 01:24:30', '2020-12-08 19:04:37', '100', '100', '100', '100', '100', '100', '100', '100', '100', '100', '100', '100'),
(417, '237', '2020', '2020-09-01 01:26:57', '2020-12-08 19:05:28', '100', '100', '100', '100', '100', '100', '100', '100', '100', '100', '100', '100'),
(418, '238', '2020', '2020-09-01 09:01:16', '2020-12-08 19:03:33', '100', '100', '100', '100', '100', '100', '100', '100', '100', '100', '100', '100'),
(419, '239', '2019', '2020-09-01 09:05:39', '2020-09-01 09:06:27', '0', '0', '0', '0', '0', '0', '0', '0', '0', '100', '100', '100'),
(420, '239', '2020', '2020-09-01 09:06:01', '2021-03-13 17:53:48', '100', '100', '100', '100', '100', '100', '100', '100', '100', '100', '100', '0'),
(421, '241', '2020', '2020-09-01 09:10:03', '2021-01-03 17:41:51', '100', '100', '100', '100', '100', '100', '100', '100', '100', '100', '100', '100'),
(422, '242', '2020', '2020-09-01 09:12:21', '2020-09-21 19:55:20', '100', '100', '100', '100', '100', '100', '100', '100', '0', '0', '0', '0'),
(423, '243', '2020', '2020-09-01 09:14:31', '2020-12-28 10:59:06', '100', '100', '100', '100', '100', '100', '100', '100', '100', '100', '100', '100'),
(424, '244', '2020', '2020-09-01 09:15:58', '2020-12-28 10:56:57', '100', '100', '100', '100', '100', '100', '100', '100', '100', '100', '100', '100');
INSERT INTO `donate_users` (`id`, `doner_id`, `year`, `created_at`, `updated_at`, `january`, `february`, `march`, `april`, `may`, `june`, `july`, `august`, `september`, `october`, `november`, `december`) VALUES
(425, '245', '2020', '2020-09-01 09:17:32', '2021-01-24 10:53:35', '100', '100', '100', '100', '100', '100', '100', '100', '100', '100', '100', '100'),
(426, '246', '2020', '2020-09-01 09:19:06', '2020-09-06 15:33:32', '100', '100', '100', '100', '100', '100', '100', '100', '100', '100', '100', '100'),
(427, '247', '2020', '2020-09-01 09:20:49', '2020-09-01 09:21:27', '100', '100', '0', '0', '0', '0', '0', '0', '0', '0', '0', '0'),
(428, '248', '2020', '2020-09-01 09:22:15', '2020-12-28 11:02:46', '100', '100', '100', '100', '100', '100', '100', '100', '100', '100', '100', '100'),
(429, '249', '2020', '2020-09-01 09:23:25', '2021-01-24 10:57:33', '100', '100', '100', '100', '100', '100', '100', '100', '100', '100', '100', '100'),
(430, '251', '2020', '2020-09-01 09:25:39', '2020-12-28 11:00:20', '100', '100', '100', '100', '100', '100', '100', '100', '100', '100', '100', '100'),
(431, '252', '2020', '2020-09-01 09:28:00', '2021-01-24 10:52:37', '100', '100', '100', '100', '100', '100', '100', '100', '100', '100', '100', '100'),
(433, '253', '2020', '2020-09-01 09:30:59', '2021-01-27 13:26:38', '100', '100', '100', '100', '100', '100', '100', '100', '100', '100', '100', '100'),
(434, '254', '2020', '2020-09-01 09:32:35', '2020-11-25 21:01:21', '100', '100', '100', '100', '100', '100', '100', '100', '0', '0', '0', '0'),
(435, '255', '2020', '2020-09-01 09:33:50', '2021-02-04 22:01:26', '100', '100', '100', '100', '100', '100', '100', '100', '100', '100', '100', '0'),
(436, '256', '2020', '2020-09-01 09:35:08', '2021-02-20 12:20:12', '50', '50', '50', '50', '50', '50', '50', '50', '50', '50', '50', '50'),
(437, '250', '2020', '2020-09-07 12:32:48', '2021-01-24 10:56:26', '100', '100', '100', '100', '100', '100', '100', '100', '100', '100', '100', '100'),
(438, '257', '2020', '2020-09-07 12:35:15', '2020-09-07 12:36:24', '100', '100', '0', '0', '0', '0', '0', '0', '0', '0', '0', '0'),
(439, '75', '2021', '2020-09-09 19:05:23', '2020-09-09 19:05:23', '100', '0', '0', '0', '0', '0', '0', '0', '0', '0', '0', '0'),
(440, '178', '2021', '2020-11-04 12:19:10', '2020-11-04 12:19:10', '100', '0', '0', '0', '0', '0', '0', '0', '0', '0', '0', '0'),
(441, '101', '2021', '2020-11-05 21:41:59', '2021-04-24 16:20:05', '100', '100', '100', '100', '100', '100', '100', '0', '0', '0', '0', '0'),
(442, '184', '2021', '2020-12-08 15:07:32', '2020-12-08 15:07:32', '100', '0', '0', '0', '0', '0', '0', '0', '0', '0', '0', '0'),
(443, '173', '2021', '2020-12-17 18:50:06', '2021-04-27 19:13:14', '50', '50', '50', '50', '0', '0', '0', '0', '0', '0', '0', '0'),
(445, '92', '2021', '2020-12-21 12:14:12', '2020-12-21 12:14:12', '100', '0', '0', '0', '0', '0', '0', '0', '0', '0', '0', '0'),
(446, '119', '2021', '2021-01-04 16:18:31', '2021-01-04 16:18:31', '100', '0', '0', '0', '0', '0', '0', '0', '0', '0', '0', '0'),
(447, '48', '2021', '2021-01-05 18:10:11', '2021-03-22 19:07:22', '300', '300', '300', '0', '0', '0', '0', '0', '0', '0', '0', '0'),
(448, '212', '2021', '2021-01-05 18:10:44', '2021-03-22 19:07:58', '100', '100', '100', '0', '0', '0', '0', '0', '0', '0', '0', '0'),
(449, '85', '2021', '2021-01-05 18:26:42', '2021-07-20 17:39:23', '100', '100', '100', '100', '100', '100', '100', '100', '0', '0', '0', '0'),
(450, '100', '2021', '2021-01-18 18:26:08', '2021-03-22 19:00:24', '100', '100', '100', '0', '0', '0', '0', '0', '0', '0', '0', '0'),
(451, '90', '2021', '2021-01-18 18:34:13', '2021-01-18 18:34:13', '100', '0', '0', '0', '0', '0', '0', '0', '0', '0', '0', '0'),
(452, '89', '2021', '2021-01-18 18:35:26', '2021-04-22 17:21:39', '100', '100', '100', '0', '0', '0', '0', '0', '0', '0', '0', '0'),
(453, '58', '2021', '2021-01-18 19:00:29', '2021-04-22 17:24:27', '100', '100', '100', '0', '0', '0', '0', '0', '0', '0', '0', '0'),
(454, '111', '2021', '2021-01-18 19:23:15', '2021-02-22 18:08:35', '300', '300', '0', '0', '0', '0', '0', '0', '0', '0', '0', '0'),
(455, '170', '2021', '2021-01-18 19:34:27', '2021-01-18 19:34:27', '200', '0', '0', '0', '0', '0', '0', '0', '0', '0', '0', '0'),
(456, '236', '2021', '2021-01-18 19:51:05', '2021-03-22 20:02:48', '100', '100', '100', '0', '0', '0', '0', '0', '0', '0', '0', '0'),
(457, '237', '2021', '2021-01-18 19:51:40', '2021-03-22 20:03:23', '100', '100', '100', '0', '0', '0', '0', '0', '0', '0', '0', '0'),
(458, '127', '2021', '2021-01-18 20:11:56', '2021-04-22 18:03:13', '300', '300', '300', '300', '0', '0', '0', '0', '0', '0', '0', '0'),
(459, '69', '2021', '2021-01-18 20:25:59', '2021-03-22 20:44:44', '100', '100', '0', '0', '0', '0', '0', '0', '0', '0', '0', '0'),
(460, '132', '2021', '2021-01-18 22:06:56', '2021-06-02 12:02:38', '100', '100', '100', '100', '100', '100', '0', '0', '0', '0', '0', '0'),
(461, '235', '2021', '2021-01-18 22:07:36', '2021-06-02 12:03:18', '100', '100', '100', '100', '100', '100', '0', '0', '0', '0', '0', '0'),
(462, '112', '2021', '2021-01-23 20:29:11', '2021-03-10 20:46:14', '100', '100', '100', '0', '0', '0', '0', '0', '0', '0', '0', '0'),
(463, '169', '2021', '2021-01-25 20:00:58', '2021-04-22 18:00:33', '100', '100', '100', '100', '0', '0', '0', '0', '0', '0', '0', '0'),
(464, '165', '2021', '2021-01-25 20:03:25', '2021-04-22 18:10:27', '200', '200', '200', '200', '0', '0', '0', '0', '0', '0', '0', '0'),
(465, '163', '2021', '2021-01-25 20:07:44', '2021-03-22 20:37:29', '200', '200', '200', '0', '0', '0', '0', '0', '0', '0', '0', '0'),
(466, '253', '2021', '2021-01-27 13:27:15', '2021-03-23 19:19:53', '100', '100', '100', '0', '0', '0', '0', '0', '0', '0', '0', '0'),
(467, '95', '2021', '2021-01-30 15:39:05', '2021-04-29 18:03:33', '100', '100', '100', '100', '0', '0', '0', '0', '0', '0', '0', '0'),
(468, '241', '2021', '2021-01-30 15:40:38', '2021-04-29 18:04:11', '100', '100', '100', '100', '0', '0', '0', '0', '0', '0', '0', '0'),
(469, '225', '2021', '2021-02-01 15:36:12', '2021-03-07 18:25:59', '100', '100', '100', '0', '0', '0', '0', '0', '0', '0', '0', '0'),
(470, '96', '2021', '2021-02-10 19:41:51', '2021-02-10 19:44:12', '50', '50', '0', '0', '0', '0', '0', '0', '0', '0', '0', '0'),
(471, '83', '2021', '2021-02-10 19:51:23', '2021-02-10 19:51:49', '100', '100', '0', '0', '0', '0', '0', '0', '0', '0', '0', '0'),
(472, '50', '2021', '2021-02-10 19:53:11', '2021-04-04 09:06:53', '500', '500', '0', '0', '0', '0', '0', '0', '0', '0', '0', '0'),
(473, '138', '2021', '2021-02-10 19:53:50', '2021-03-22 15:59:33', '200', '200', '0', '0', '0', '0', '0', '0', '0', '0', '0', '0'),
(474, '200', '2021', '2021-02-10 19:54:16', '2021-03-22 15:57:20', '100', '100', '0', '0', '0', '0', '0', '0', '0', '0', '0', '0'),
(475, '201', '2021', '2021-02-10 19:54:49', '2021-03-22 15:58:05', '100', '100', '0', '0', '0', '0', '0', '0', '0', '0', '0', '0'),
(476, '202', '2021', '2021-02-10 19:55:23', '2021-03-22 15:58:46', '100', '100', '0', '0', '0', '0', '0', '0', '0', '0', '0', '0'),
(477, '210', '2021', '2021-02-14 19:27:05', '2021-02-14 19:27:57', '100', '100', '0', '0', '0', '0', '0', '0', '0', '0', '0', '0'),
(478, '209', '2021', '2021-02-14 19:29:05', '2021-02-14 19:29:05', '100', '0', '0', '0', '0', '0', '0', '0', '0', '0', '0', '0'),
(479, '152', '2021', '2021-02-14 20:27:33', '2021-02-14 20:27:33', '200', '0', '0', '0', '0', '0', '0', '0', '0', '0', '0', '0'),
(480, '99', '2021', '2021-02-15 18:32:37', '2021-02-15 18:33:05', '200', '200', '0', '0', '0', '0', '0', '0', '0', '0', '0', '0'),
(481, '82', '2021', '2021-02-18 17:48:02', '2021-04-18 13:04:52', '100', '100', '100', '100', '0', '0', '0', '0', '0', '0', '0', '0'),
(482, '160', '2021', '2021-02-18 20:29:01', '2021-02-18 20:29:01', '100', '0', '0', '0', '0', '0', '0', '0', '0', '0', '0', '0'),
(483, '256', '2021', '2021-02-20 12:20:42', '2021-02-20 12:21:25', '50', '50', '50', NULL, '0', '0', '0', '0', '0', '0', '0', '0'),
(484, '116', '2021', '2021-02-25 14:06:48', '2021-02-25 14:06:48', '300', '0', '0', '0', '0', '0', '0', '0', '0', '0', '0', '0'),
(485, '188', '2020', '2021-02-28 19:56:19', '2021-02-28 19:57:02', '100', '100', '100', '100', '100', '0', '0', '0', '0', '0', '0', '0'),
(486, '62', '2021', '2021-03-13 17:57:18', '2021-04-22 17:07:12', '100', '100', '100', '100', '0', '0', '0', '0', '0', '0', '0', '0'),
(487, '125', '2021', '2021-03-13 18:05:47', '2021-03-22 19:15:01', '100', '100', '100', '0', '0', '0', '0', '0', '0', '0', '0', '0'),
(488, '98', '2021', '2021-03-22 19:01:17', '2021-03-22 19:01:46', '100', '100', '0', '0', '0', '0', '0', '0', '0', '0', '0', '0'),
(489, '110', '2021', '2021-03-22 19:04:36', '2021-03-22 19:05:46', '50', '50', '0', '0', '0', '0', '0', '0', '0', '0', '0', '0'),
(490, '49', '2021', '2021-03-22 19:09:10', '2021-03-22 19:09:10', '300', '0', '0', '0', '0', '0', '0', '0', '0', '0', '0', '0'),
(491, '215', '2021', '2021-03-22 19:10:26', '2021-03-22 19:10:26', '50', '0', '0', '0', '0', '0', '0', '0', '0', '0', '0', '0'),
(492, '214', '2021', '2021-03-22 19:11:06', '2021-03-22 19:11:06', '50', '0', '0', '0', '0', '0', '0', '0', '0', '0', '0', '0'),
(493, '213', '2021', '2021-03-22 19:11:49', '2021-03-22 19:11:49', '50', '0', '0', '0', '0', '0', '0', '0', '0', '0', '0', '0'),
(494, '47', '2021', '2021-03-22 19:21:09', '2021-03-22 19:21:09', '100', '0', '0', '0', '0', '0', '0', '0', '0', '0', '0', '0'),
(495, '55', '2021', '2021-03-22 19:28:22', '2021-03-22 19:29:08', '200', '200', '200', '200', '0', '0', '0', '0', '0', '0', '0', '0'),
(496, '66', '2021', '2021-03-22 20:05:55', '2021-03-22 20:06:51', '100', '100', '100', '0', '0', '0', '0', '0', '0', '0', '0', '0'),
(497, '238', '2021', '2021-03-22 20:08:10', '2021-03-22 20:09:08', '100', '100', '100', '0', '0', '0', '0', '0', '0', '0', '0', '0'),
(498, '60', '2021', '2021-03-22 20:33:50', '2021-03-22 20:34:39', '200', '200', '200', '200', '0', '0', '0', '0', '0', '0', '0', '0'),
(499, '113', '2021', '2021-03-23 20:00:04', '2021-03-24 15:19:27', '200', '200', '200', '0', '0', '0', '0', '0', '0', '0', '0', '0'),
(500, '231', '2021', '2021-03-23 20:00:59', '2021-03-24 15:18:54', '100', '100', '100', '0', '0', '0', '0', '0', '0', '0', '0', '0'),
(501, '120', '2021', '2021-03-24 14:36:47', '2021-03-24 14:37:39', '100', '100', '100', '100', '100', '0', '0', '0', '0', '0', '0', '0'),
(502, '139', '2021', '2021-04-04 09:03:48', '2021-04-04 09:04:40', '100', '100', '100', '0', '0', '0', '0', '0', '0', '0', '0', '0'),
(503, '162', '2021', '2021-04-22 18:01:45', '2021-04-22 18:01:45', '200', '0', '0', '0', '0', '0', '0', '0', '0', '0', '0', '0'),
(506, '164', '2021', '2021-04-22 18:06:29', '2021-04-22 18:08:31', '100', '100', '0', '0', '0', '0', '0', '0', '0', '0', '0', '0');

-- --------------------------------------------------------

--
-- Table structure for table `doners`
--

CREATE TABLE `doners` (
  `id` int(11) UNSIGNED NOT NULL,
  `name` varchar(255) NOT NULL,
  `address` varchar(255) NOT NULL,
  `phone` varchar(255) NOT NULL,
  `created_at` timestamp NULL DEFAULT NULL,
  `updated_at` timestamp NULL DEFAULT NULL,
  `c_id` int(11) NOT NULL
) ENGINE=InnoDB DEFAULT CHARSET=utf8mb4 ROW_FORMAT=DYNAMIC;

--
-- Dumping data for table `doners`
--

INSERT INTO `doners` (`id`, `name`, `address`, `phone`, `created_at`, `updated_at`, `c_id`) VALUES
(47, 'সজল সরকার', 'মা জুয়েলার্স', '01727414649', '2020-08-18 17:34:17', '2020-08-18 17:34:17', 1),
(48, 'মিঠু দেবনাথ', 'লোকনাথ জুয়েলার্স', '01729434015', '2020-08-18 17:35:31', '2020-08-18 17:35:31', 2),
(49, 'মনোরঞ্জন দেবনাথ', 'অনন্য জুয়েলার্স', '01711973505', '2020-08-18 17:38:04', '2020-08-18 17:38:04', 3),
(50, 'সুজিত পাল', 'মাতৃ জুয়েলার্স', '01713301125', '2020-08-18 17:38:55', '2020-08-18 17:38:55', 4),
(52, 'শ্যামল পাল সাধু', 'সানন্দা জুয়েলার্স', '01712219015', '2020-08-18 17:41:04', '2020-08-18 17:41:04', 5),
(53, 'নারায়ন পাল', 'আনন্দ জুয়েলার্স', '01711973506', '2020-08-18 17:42:53', '2020-08-18 17:42:53', 6),
(54, 'শ্রীধাম রায়', 'মাতৃ জুয়েলার্স', '01762418172', '2020-08-18 17:44:51', '2020-08-18 17:44:51', 7),
(55, 'পল্টু দাস', 'লোপা জুয়েলার্স', '01712324252', '2020-08-18 17:45:23', '2020-08-18 17:45:23', 8),
(56, 'কাজল পাল', 'হাসি জুয়েলার্স', '01711580311', '2020-08-18 17:46:32', '2020-08-18 17:46:32', 9),
(57, 'অজিত পাল', 'ঢাকেরশ্বরী জুয়েলার্স', '01712565483', '2020-08-18 17:47:43', '2020-08-18 17:47:43', 10),
(58, 'কাজল দেবনাথ', 'জননী জুয়েলার্স', '01728543271', '2020-08-29 20:18:23', '2020-08-29 20:18:23', 11),
(59, 'মিঠু দাস', 'আপন জুয়েলার্স', '01732241470', '2020-08-29 21:40:03', '2020-08-29 21:40:03', 12),
(60, 'রাজন ঘোষ', 'ঘোষ বাড়ি', '01761885250', '2020-08-29 21:43:12', '2020-08-29 21:43:12', 13),
(61, 'ঝলক দাস', 'মন্ডলীভোগ', '01717569752', '2020-08-29 21:47:30', '2020-08-29 21:47:30', 14),
(62, 'উত্তম পাল', 'ঢাকা বিক্রমপুর জুয়েলার্স', '01782357641', '2020-08-29 21:50:09', '2020-08-29 21:50:09', 15),
(63, 'বিশ্বজ্যোতি ভট্টাচার্য', 'মন্ডলীভোগ', '01730321142', '2020-08-29 22:07:18', '2020-08-29 22:07:18', 16),
(64, 'ভিশন কর', 'মাতৃ জুয়েলার্স', '01736252025', '2020-08-29 22:10:33', '2020-08-29 22:10:33', 17),
(65, 'তপন পাল', 'তপন হোটেল', '01711979133', '2020-08-29 22:13:14', '2020-08-29 22:13:14', 18),
(66, 'বিকাশ দে', 'শ্রীকৃষ্ণ ভবন', '01712375093', '2020-08-29 22:16:30', '2020-08-29 22:16:30', 19),
(68, 'মিলন রায়', 'ছাতক বাজার', '01710942464', '2020-08-29 22:26:20', '2020-08-29 22:26:20', 20),
(69, 'সঞ্জিত দে', 'সিটি ফার্মেসি', '01720521041', '2020-08-29 22:29:12', '2020-08-29 22:29:12', 21),
(70, 'তাপস পাল', 'লোপা জুয়েলার্স', '01716225773', '2020-08-29 22:44:08', '2020-08-29 22:44:08', 22),
(71, 'বিশ্বজিৎ ঘোষ', 'ছাতক বাজার', '01756700173', '2020-08-29 22:46:25', '2020-08-29 22:46:25', 23),
(72, 'সমু দাস', 'লোপা জুয়েলার্স', '01722421858', '2020-08-29 22:51:24', '2020-08-29 22:51:24', 24),
(73, 'ভজন দেব', 'মন্ডলীভোগ', '01722495958', '2020-08-29 22:53:21', '2020-08-29 22:53:21', 25),
(74, 'নিরঞ্জন পাল', 'নিপা জুয়েলার্স', '01712219014', '2020-08-29 22:55:13', '2020-08-29 22:55:13', 26),
(75, 'আকাশ দাস ভক্ত', 'মন্ডলীভোগ', '01763624250', '2020-08-29 22:57:46', '2020-08-29 22:57:46', 27),
(77, 'পিনাক তালুকদার', 'মন্ডলীভোগ', '01796080809', '2020-08-29 23:12:16', '2020-08-29 23:12:16', 28),
(78, 'নারায়ন দেবনাথ', 'ছাতক বাজার', '01736523824', '2020-08-29 23:28:29', '2020-08-29 23:28:29', 29),
(80, 'দীপঙ্কর দেবনাথ', 'লোকনাথ কসমেটিক্স', '01741398118', '2020-08-29 23:31:55', '2020-08-29 23:31:55', 30),
(81, 'লিটন ঋষি', 'আর এল সেনেটারী', '01717594537', '2020-08-29 23:34:54', '2020-08-29 23:34:54', 31),
(82, 'চয়ন কুমার শিব', 'মাতৃ জুয়েলার্স', '01774000006', '2020-08-29 23:37:17', '2020-08-29 23:37:17', 32),
(83, 'নয়ন পাল', 'মাতৃ জুয়েলার্স', '01706905427', '2020-08-29 23:39:31', '2020-08-29 23:39:31', 33),
(84, 'নিষণ গোস্বামী', 'মন্ডলীভোগ', '01720199477', '2020-08-29 23:42:19', '2020-08-29 23:42:19', 34),
(85, 'পঙ্কজ চৌধুরী', 'মন্ডলীভোগ', '01717845520', '2020-08-29 23:44:45', '2020-08-29 23:44:45', 35),
(86, 'নিলয় দাস', 'হাসি ফার্মেসী', '01718073617', '2020-08-29 23:48:14', '2020-08-29 23:48:14', 36),
(87, 'রাজিত চৌধুরি', 'দীপা ফার্মেসি', '01724797086', '2020-08-30 00:00:25', '2020-08-30 00:00:25', 37),
(88, 'নিতাই রায়', 'ছাতক বাজার', '01712106022', '2020-08-30 00:03:39', '2020-08-30 00:03:39', 38),
(89, 'সন্তশ তালুকদার', 'রানী জুয়েলার্স', '01716888156', '2020-08-30 00:06:41', '2020-08-30 00:06:41', 39),
(90, 'ভানু পাল', 'কনিকা কসমেটিক্স', '01750544345', '2020-08-30 00:09:24', '2020-08-30 00:09:24', 40),
(91, 'উত্তম পাল', 'শ্রীকৃষ্ণ ভবন', '01739406003', '2020-08-30 00:12:27', '2020-08-30 00:12:27', 41),
(92, 'দ্বিজহরি দেবনাথ', 'ছাতক বাজার', '01747464015', '2020-08-30 00:15:07', '2020-08-30 00:15:07', 42),
(93, 'ঝলক দাস', 'ছাতক বাজার', '01710707251', '2020-08-30 00:18:30', '2020-09-22 16:16:42', 43),
(94, 'রাজন পাল', 'শ্যাম পাড়া', '01748967004', '2020-08-30 00:20:16', '2020-08-30 00:20:16', 44),
(95, 'রমা পাল', 'মা জুয়েলার্স', '01772900057', '2020-08-30 00:23:03', '2020-08-30 00:23:03', 45),
(96, 'প্রদীপ দেব', 'ছাতক বাজার', '01725659238', '2020-08-30 00:25:10', '2020-08-30 00:25:10', 46),
(97, 'উজ্জ্বল দাস', 'অনন্য জুয়েলার্স', '01722759180', '2020-08-30 00:28:15', '2020-08-30 00:28:15', 47),
(98, 'মোহন পাল', 'সাথী জুয়েলার্স', '01735275604', '2020-08-30 00:34:27', '2020-08-30 00:34:27', 48),
(99, 'রাজন ভৌমিক', 'জয় ইলেক্ট্রনিক্স', '01717742814', '2020-08-30 00:39:26', '2020-08-30 00:39:26', 49),
(100, 'বিজয় দেবনাথ', 'অপরূপা জুয়েলার্স', '01739946523', '2020-08-30 00:41:19', '2020-08-30 00:41:19', 50),
(101, 'শংকর দাস নিমাই', 'সানি স্টোর', '01737405461', '2020-08-30 00:43:16', '2020-08-30 00:43:16', 51),
(102, 'বিজয় পাল টিবলু', 'মন্ডলীভোগ', '01718127062', '2020-08-30 11:18:50', '2020-08-30 11:18:50', 52),
(103, 'নয়ন দাস অপু', 'মন্ডলীভোগ', '01766917188', '2020-08-30 11:21:51', '2020-08-30 11:21:51', 53),
(104, 'সুব্রত হালদার', 'মন্ডলীভোগ', '01715765886', '2020-08-30 11:23:56', '2020-08-30 11:23:56', 54),
(105, 'ভোলা পাল', 'আনন্দ জুয়েলার্স', '01911809575', '2020-08-30 11:27:07', '2020-08-30 11:27:07', 55),
(106, 'তাপস দাস', 'মন্ডলীভোগ', '01748332135', '2020-08-30 11:33:04', '2020-08-30 11:33:04', 56),
(107, 'দিলীপ দাস', 'মন্ডলীভোগ', '01751560930', '2020-08-30 11:42:03', '2020-08-30 11:42:03', 57),
(108, 'বনমালী চৌধুরী', 'মন্ডলীভোগ', '01715682021', '2020-08-30 11:52:02', '2020-08-30 11:52:02', 58),
(109, 'শিপলু দাস', 'মন্ডলীভোগ', '01733153847', '2020-08-30 12:04:46', '2020-08-30 12:04:46', 59),
(110, 'সজীব পাল', 'ছাতক বাজার', '01715513163', '2020-08-30 12:08:10', '2020-08-30 12:08:10', 60),
(111, 'মলয় পাল চৌধুরী', 'চুনারুঘাট', '01711399783', '2020-08-30 12:12:27', '2020-08-30 12:12:27', 61),
(112, 'হিমালয় পোদ্দার', 'পোদ্দার বস্ত্রালয়', '01712219212', '2020-08-30 12:16:13', '2020-08-30 12:16:13', 62),
(113, 'ভিকি দে', 'ছাতক বাজার', '01713204319', '2020-08-30 12:34:31', '2020-08-30 12:34:31', 63),
(114, 'নয়ন দেব', 'মন্ডলীভোগ', '01721826062', '2020-08-30 12:38:44', '2020-08-30 12:38:44', 64),
(115, 'অধীর মালাকার', 'মন্ডলীভোগ', '01720670469', '2020-08-30 12:42:10', '2020-08-30 12:42:10', 65),
(116, 'মিঠুন কান্তি দে', 'মন্ডলীভোগ', '01713201381', '2020-08-30 12:48:58', '2020-08-30 12:48:58', 66),
(117, 'অজয় কৃষ্ণ পাল', 'ছাতক বাজার', '01720565294', '2020-08-30 12:51:47', '2020-08-30 12:51:47', 67),
(118, 'চম্পূ দত্ত', 'ছাতক বাজার', '01716811668', '2020-08-30 12:55:35', '2020-08-30 12:55:35', 68),
(119, 'সবুজ দেবনাথ', 'লোকনাথ জুয়েলার্স', '01704010785', '2020-08-30 13:01:49', '2020-08-30 13:01:49', 69),
(120, 'সুদীপ রায় (আলাল)', 'মন্ডলীভোগ', '01721229686', '2020-08-30 13:08:16', '2020-08-30 13:08:16', 70),
(121, 'সুমন সরকার', 'মাতৃ জুয়েলার্স', '01746462150', '2020-08-30 13:13:26', '2020-08-30 13:13:26', 71),
(122, 'ইমন দেবনাথ', 'আনন্দ জুয়েলার্স', '01725477746', '2020-08-30 13:15:47', '2020-08-30 13:15:47', 72),
(123, 'সাগর পাল', 'আনন্দ জুয়েলার্স', '01792332658', '2020-08-30 13:18:34', '2020-08-30 13:18:34', 73),
(124, 'মুকুট দেবনাথ', 'আনন্দ জুয়েলার্স', '01737382520', '2020-08-30 13:21:20', '2020-08-30 13:21:20', 74),
(125, 'দিলীপ পাল', 'অপূর্ব জুয়েলার্স', '01734415525', '2020-08-30 13:24:08', '2020-08-30 13:24:08', 75),
(126, 'জিষণ দাস', 'ছাতক বাজার', '01766916446', '2020-08-30 13:29:03', '2020-08-30 13:29:03', 76),
(127, 'সুষেন দে', 'দে ফার্মেসি', '01712353463', '2020-08-30 13:34:22', '2020-08-30 13:34:22', 77),
(128, 'হেমেন্দ্র দেবনাথ', 'এন আর ফর্মা', '01747148494', '2020-08-30 15:43:16', '2020-08-30 15:43:16', 78),
(129, 'জয়দেব দাস', 'মন্ডলীভোগ', '01719275553', '2020-08-30 15:46:35', '2020-08-30 15:46:35', 79),
(130, 'মলয় দাস', 'ছাতক বাজার', '01724445597', '2020-08-30 15:50:08', '2020-08-30 15:50:08', 80),
(131, 'অলকা পাল', 'শ্রীকৃষ্ণ ভবন', '01719742429', '2020-08-30 15:53:00', '2020-08-30 15:53:00', 81),
(132, 'লিটন তহবিলদার', 'শ্রীকৃষ্ণ ভবন', '01835643464', '2020-08-30 15:56:02', '2020-08-30 15:56:02', 82),
(133, 'কৃষ্ণা রানী দাস', 'মন্ডলীভোগ', '01722759180', '2020-08-30 15:58:23', '2020-08-30 15:58:23', 83),
(134, 'দেবাশীষ দাস', 'অগ্রণী ব্যাংক', '01712994705', '2020-08-30 16:03:37', '2020-08-30 16:03:37', 84),
(135, 'লিটন কর', 'মন্ডলীভোগ', '01717468667', '2020-08-30 16:06:14', '2020-08-30 16:06:14', 85),
(136, 'রূপক রায়', 'ছাতক বাজার', '01745338222', '2020-08-30 16:10:09', '2020-08-30 16:10:09', 86),
(137, 'শংকর পাল', 'লোকনাথ মন্দির', '01712375059', '2020-08-30 16:12:59', '2020-08-30 16:12:59', 87),
(138, 'নিশিতা পাল', 'শ্রীকৃষ্ণ ভবন', '01713301125', '2020-08-30 16:24:33', '2020-08-30 16:24:33', 88),
(139, 'নিবলু সরকার', 'ঢাকা বিক্রমপুর জুয়েলার্স', '01785829719', '2020-08-30 16:28:35', '2020-08-30 16:28:35', 89),
(140, 'শ্যামল দাস', 'সৌম্য বস্ত্রালয়', '01715206106', '2020-08-30 16:33:57', '2020-08-30 16:33:57', 90),
(141, 'রাজন পাল', 'অপূর্ব জুয়েলার্স', '01712707478', '2020-08-30 22:14:27', '2020-08-30 22:14:27', 91),
(142, 'ভানু কর', 'মন্ডলীভোগ', '01794757421', '2020-08-30 22:17:36', '2020-08-30 22:17:36', 92),
(143, 'বিশ্বজিৎ পাল', 'যশোর', '01930201018', '2020-08-30 22:19:53', '2020-08-30 22:19:53', 93),
(144, 'রবি পাল', 'বাঁধন জুয়েলার্স', '01722195601', '2020-08-30 22:22:43', '2020-08-30 22:22:43', 94),
(145, 'সজীব দাস', 'ছাতক বাজার', '01784178310', '2020-08-30 22:25:25', '2020-08-30 22:25:25', 95),
(146, 'রাজু কর', 'আখড়া মার্কেট', '01735888882', '2020-08-30 22:29:45', '2020-08-30 22:29:45', 96),
(147, 'চন্দন দাস', 'ছাতক বাজার', '01717497318', '2020-08-30 22:35:27', '2020-08-30 22:35:27', 97),
(148, 'দীপ্তি পাল', 'ছাতক বাজার', '01762418172', '2020-08-30 22:38:13', '2020-08-30 22:38:13', 98),
(149, 'নেপাল দাস', 'ছাতক বাজার', '01717540805', '2020-08-30 22:42:09', '2020-08-30 22:42:09', 99),
(150, 'মঞ্জীত ঘোষ', 'ছাতক বাজার', '01716850289', '2020-08-30 22:47:05', '2020-08-30 22:47:05', 100),
(151, 'বাচ্চু রায়', 'ছাতক স্টোর', '01712320488', '2020-08-30 22:49:53', '2020-08-30 22:49:53', 101),
(152, 'জসোধীর তালুকদার', 'রাজ ব্যাগ হাউজ', '01715518468', '2020-08-30 22:52:36', '2020-08-30 22:52:36', 102),
(153, 'সঞ্জয় দাস', 'শেম পাড়া', '01712356339', '2020-08-30 23:01:07', '2020-08-30 23:01:07', 103),
(154, 'রতন পাল', 'বাঁধন জুয়েলার্স', '01712677998', '2020-08-30 23:03:44', '2020-08-30 23:03:44', 104),
(155, 'দোলন শর্মা', 'নোয়ারাই', '01716691953', '2020-08-30 23:06:42', '2020-08-30 23:06:42', 105),
(156, 'প্রীতিশ দাস', 'মন্ডলীভোগ', '01715389342', '2020-08-30 23:08:54', '2020-08-30 23:08:54', 106),
(157, 'ছবি রানী দাস', 'মন্ডলীভোগ', '01715389342', '2020-08-30 23:11:49', '2020-08-30 23:11:49', 107),
(158, 'অভিনাশ  দাস', 'তাতিকোনা', '01712329749', '2020-08-30 23:15:14', '2020-08-30 23:15:14', 108),
(159, 'সুমন চন্দ্র দাস', 'কুমনা', '01711263091', '2020-08-30 23:17:39', '2020-08-30 23:17:39', 109),
(160, 'সুজন সরকার', 'মন্ডলীভোগ', '01711911184', '2020-08-30 23:19:37', '2020-08-30 23:19:37', 110),
(161, 'শাওন দাস বাবলু', 'কালীবাড়ি', '01711911265', '2020-08-30 23:21:46', '2020-08-30 23:21:46', 111),
(162, 'প্রণব দাস মিঠু', 'শুভ ফার্মেসি', '01712324608', '2020-08-30 23:23:47', '2020-08-30 23:23:47', 112),
(163, 'রুনু মালাকার', 'মন্ডলীভোগ', '01736869582', '2020-08-30 23:26:29', '2020-08-30 23:26:29', 113),
(164, 'সুজিত দাস', 'মিলন ফার্মেসি', '01735032817', '2020-08-30 23:28:53', '2020-08-30 23:28:53', 114),
(165, 'কেশব পাল', 'কূমনা', '01723683448', '2020-08-30 23:47:09', '2020-08-30 23:47:09', 115),
(166, 'দোলন তরফদার', 'বাগবাড়ি', '01716969189', '2020-08-30 23:49:43', '2020-08-30 23:49:43', 116),
(167, 'সঞ্জীব পাল মুন্না', 'বাগবাড়ি', '01705097893', '2020-08-30 23:51:37', '2020-08-30 23:51:37', 117),
(168, 'রাজিব আচার্য', 'বাংলা কম্পিউটার', '01711787604', '2020-08-30 23:53:44', '2020-08-30 23:53:44', 118),
(169, 'রাজন দাশ', 'রওশন ইলেকট্রনিক্স', '01712543160', '2020-08-30 23:57:00', '2020-08-30 23:57:00', 119),
(170, 'মুকুল তালুকদার', 'মন্ডলীভোগ', '01725528149', '2020-08-31 00:00:04', '2020-08-31 00:00:04', 120),
(171, 'কৃপাসিন্ধু দাস নিমাই', 'ছাতক বাজার', '01715744774', '2020-08-31 00:02:37', '2020-08-31 00:02:37', 121),
(172, 'হৃদয় দাস', 'আনন্দ জুয়েলার্স', '01735987522', '2020-08-31 00:06:20', '2020-08-31 00:06:20', 122),
(173, 'গোপাল কৃষ্ণ চৌধুরী', 'কালিবাড়ি', '01711967257', '2020-08-31 00:08:17', '2020-08-31 00:08:17', 123),
(174, 'বিকাশ তালুকদার', 'ছাতক', '01731177063', '2020-08-31 00:11:41', '2020-08-31 00:11:41', 124),
(175, 'রিঙ্কু দাস', 'হাসপাতাল রোড', '01719808786', '2020-08-31 00:13:57', '2020-08-31 00:13:57', 125),
(176, 'পিনাকি রায়', 'কালিবাড়ি', '01716392735', '2020-08-31 16:14:04', '2020-08-31 16:14:04', 126),
(177, 'রানা দাস', 'মিলন ফার্মেসি', '01727946043', '2020-08-31 16:16:21', '2020-08-31 16:16:21', 127),
(178, 'নিয়ন দে', 'হাসপাতাল রোড', '01732724584', '2020-08-31 16:19:50', '2020-08-31 16:19:50', 128),
(179, 'আশীষ আচার্য্য', 'বাগবাড়ি', '01717594684', '2020-08-31 16:22:20', '2020-08-31 16:22:20', 129),
(180, 'সুজিত দাস', 'তাতিকোনা', '01716089740', '2020-08-31 16:26:42', '2020-08-31 16:26:42', 130),
(181, 'ঈশ্বর ‌‌‍‍গৌর নিতাই ঘোষ', 'বিক্রমপুর ভেজা মিষ্টি', '01712051487', '2020-08-31 16:30:08', '2020-08-31 16:30:08', 131),
(182, 'সুশান্ত পাল হারু', 'পাল শিল্পালয়', '01711904843', '2020-08-31 16:33:19', '2020-08-31 16:33:19', 132),
(183, 'শংকর দাস', 'শ্রেয়া স্টুডিও', '01711191315', '2020-08-31 16:35:58', '2020-08-31 16:35:58', 133),
(184, 'মনজিত দেবনাথ', 'লোকনাথ জুয়েলার্স', '01747923741', '2020-08-31 16:38:38', '2020-08-31 16:38:38', 134),
(185, 'বাবলু রায়', 'বাবলু সু স্টোর', '01785628132', '2020-08-31 16:40:44', '2020-08-31 16:40:44', 135),
(186, 'বাবুল দাস', 'গনেশপুর', '01318412818', '2020-08-31 16:43:59', '2020-08-31 16:43:59', 136),
(187, 'লিটন ঘোষ', 'ঘোষ বাড়ি', '01790789286', '2020-08-31 16:46:33', '2020-08-31 16:46:33', 137),
(188, 'অরুন দাস', 'হাসপাতাল রোড', '01711444919', '2020-08-31 16:49:26', '2020-08-31 16:49:26', 138),
(189, 'নির্মল কর', 'হাসপাতাল রোড', '01728073489', '2020-08-31 16:56:37', '2020-08-31 16:56:37', 139),
(190, 'তাপস চৌধুরী', 'কাউন্সিলর', '01715409984', '2020-08-31 16:59:48', '2020-08-31 16:59:48', 140),
(191, 'সৌরভ দেবনাথ', 'লোকনাথ জুয়েলার্স', '01681342773', '2020-08-31 22:24:15', '2020-08-31 22:24:15', 141),
(192, 'গোবিন্দ পাল', 'জয় জুয়েলার্স', '01712769009', '2020-08-31 22:26:34', '2020-08-31 22:26:34', 142),
(193, 'নারায়ন সরকার', 'মা মনি জুয়েলার্স', '01762229560', '2020-08-31 22:30:13', '2020-08-31 22:30:13', 143),
(194, 'বৃন্দাবন করুণা দাস', 'বালাজি রেস্টুরেন্ট', '01731177168', '2020-08-31 22:32:48', '2020-08-31 22:32:48', 144),
(195, 'কনক চক্রবর্তী', 'মন্ডলীভোগ', '01778027501', '2020-08-31 22:37:36', '2020-08-31 22:37:36', 145),
(196, 'সজল পাল', 'স্বর্ণা জুয়েলার্স', '01712934524', '2020-08-31 22:41:12', '2020-08-31 22:41:12', 146),
(197, 'নিখিল দাস', 'মন্ডলীভোগ', '01743728989', '2020-08-31 22:45:06', '2020-08-31 22:45:06', 147),
(198, 'শিপন রানী দাস', 'মন্ডলীভোগ', '01703740265', '2020-08-31 22:49:59', '2020-08-31 22:49:59', 148),
(199, 'মৃদুল কুমার দাস', 'মন্ডলীভোগ', '01308971319', '2020-08-31 22:52:59', '2020-08-31 22:52:59', 149),
(200, 'দৃক পাল স্বর্গ', 'শ্রীকৃষ্ণ ভবন', '01713301125', '2020-08-31 22:54:57', '2020-08-31 22:54:57', 150),
(201, 'সুভদ্রা পাল', 'শ্রীকৃষ্ণ ভবন', '01713301125', '2020-08-31 23:01:22', '2020-08-31 23:01:22', 151),
(202, 'ঋক পাল সূর্য', 'শ্রীকৃষ্ণ ভবন', '01713301125', '2020-08-31 23:09:11', '2020-08-31 23:09:11', 152),
(203, 'সুচন্দা পাল', 'শ্রীকৃষ্ণ ভবন', '01713301125', '2020-08-31 23:12:22', '2020-08-31 23:12:22', 153),
(204, 'রাহুল চৌধুরি', 'তাতিকোনা', '01799355222', '2020-08-31 23:15:19', '2020-08-31 23:15:19', 154),
(205, 'বাবুল পাল', 'কুমনা', '01728412975', '2020-08-31 23:26:05', '2020-08-31 23:26:05', 155),
(206, 'নিঠু ঘোষ', 'ঘোষ বাড়ি', '01711955136', '2020-08-31 23:27:43', '2020-08-31 23:27:43', 156),
(207, 'বাবলু সরকার', 'মন্ডলীভোগ', '01742331149', '2020-08-31 23:29:12', '2020-08-31 23:29:12', 157),
(208, 'গোবিন্দ পাল', 'আনন্দ জুয়েলার্স', '01715126657', '2020-08-31 23:30:59', '2020-08-31 23:30:59', 158),
(209, 'পলাশ দাস', 'হাসি জুয়েলার্স', '01729630228', '2020-08-31 23:42:47', '2020-08-31 23:42:47', 159),
(210, 'মিন্টু পাল', 'হাসি জুয়েলার্স', '01760137307', '2020-08-31 23:53:25', '2020-08-31 23:53:25', 160),
(211, 'পরিতোষ দে', 'নিপা জুয়েলার্স', '01712543386', '2020-09-01 00:19:41', '2020-09-01 00:19:41', 161),
(212, 'বীনা দেবনাথ', 'লোকনাথ জুয়েলার্স', '01729434015', '2020-09-01 00:21:51', '2020-09-01 00:21:51', 162),
(213, 'ঝুমুর দেবনাথ', 'বাগবাড়ি', '01711973505', '2020-09-01 00:25:07', '2020-09-01 00:25:07', 163),
(214, 'জয় দেবনাথ', 'বাগবাড়ি', '01711973505', '2020-09-01 00:28:01', '2020-09-01 00:28:01', 164),
(215, 'স্বর্ণালী দেবনাথ', 'বাগবাড়ি', '01711973505', '2020-09-01 00:32:08', '2020-09-01 00:32:08', 165),
(216, 'লাভলী রানী দাস', 'সরকারী পুকুর পাড়', '01717567607', '2020-09-01 00:35:03', '2020-09-01 00:35:03', 166),
(217, 'অর্চনা রানী দাস', 'মন্ডলীভোগ', '01718073617', '2020-09-01 00:37:11', '2020-09-01 00:37:11', 167),
(218, 'হাসি রানী দাস', 'মন্ডলীভোগ', '01718073617', '2020-09-01 00:38:45', '2020-09-01 00:38:45', 168),
(219, 'সাবিত্রী রানী দাস', 'মন্ডলীভোগ', '01718073617', '2020-09-01 00:41:45', '2020-09-01 00:41:45', 169),
(220, 'অর্চনা রানী দাস ( লক্ষী)', 'মন্ডলীভোগ', '01718073617', '2020-09-01 00:44:22', '2020-09-01 00:44:22', 170),
(221, 'দিপালী সরকার', 'মা জুয়েলার্স', '01727414649', '2020-09-01 00:46:19', '2020-09-01 00:46:19', 171),
(222, 'দেবরাজ তালুকদার', 'মন্ডলীভোগ', '01714506285', '2020-09-01 00:48:32', '2020-09-01 00:48:32', 172),
(223, 'উমা তালুকদার', 'মন্ডলীভোগ', '01714506285', '2020-09-01 00:50:04', '2020-09-01 00:50:04', 173),
(224, 'সুজন তালুকদার', 'মন্ডলীভোগ', '01745589399', '2020-09-01 00:51:44', '2020-09-01 00:51:44', 174),
(225, 'গৌতম কুমার বাড়ৈ', 'সিসিএফ', '01761889422', '2020-09-01 00:53:19', '2020-09-01 00:53:19', 175),
(226, 'যুতি রায়', 'ছাতক বাজার', '01762418172', '2020-09-01 00:54:46', '2020-09-01 00:54:46', 176),
(227, 'মঞ্জু রানী কর', 'মন্ডলীভোগ', '01748157913', '2020-09-01 00:56:40', '2020-09-01 01:02:59', 177),
(228, 'মমতা রানী কর', 'মন্ডলীভোগ', '01704789342', '2020-09-01 01:03:38', '2020-09-01 01:03:38', 178),
(229, 'অর্পনা রানী কর', 'মন্ডলীভোগ', '01790962042', '2020-09-01 01:05:27', '2020-09-01 01:05:27', 179),
(230, 'চম্পা রানী কর', 'মন্ডলীভোগ', '01736252025', '2020-09-01 01:07:57', '2020-09-01 01:07:57', 180),
(231, 'সুপ্রিয়া দে', 'মন্ডলীভোগ', '01713204319', '2020-09-01 01:09:35', '2020-09-01 01:09:35', 181),
(232, 'নির্মল কান্তি নমো', 'শিববাড়ি', '01722356402', '2020-09-01 01:11:40', '2020-09-01 01:11:40', 182),
(233, 'মুনমুন পাল', 'আনন্দ জুয়েলার্স', '01911809575', '2020-09-01 01:14:27', '2020-09-01 01:14:27', 183),
(234, 'মন্টি পাল', 'আনন্দ জুয়েলার্স', '01911809575', '2020-09-01 01:17:18', '2020-09-01 01:17:18', 184),
(235, 'বন্যা তহবিলদার', 'শ্রীকৃষ্ণ ভবন', '01835643464', '2020-09-01 01:21:35', '2020-09-01 01:21:35', 185),
(236, 'বিপ্লব দে', 'শ্রীকৃষ্ণ ভবন', '01747316965', '2020-09-01 01:23:31', '2020-09-01 01:23:31', 186),
(237, 'তুলি দে', 'শ্রী কৃষ্ণ ভবন', '01747316965', '2020-09-01 01:26:31', '2020-09-01 01:26:31', 187),
(238, 'শুক্লা দে', 'শ্রীকৃষ্ণ ভবন', '01712375093', '2020-09-01 09:00:44', '2020-09-01 09:00:44', 188),
(239, 'রতিস দেবনাথ', 'আপন জুয়েলার্স', '01732241470', '2020-09-01 09:02:57', '2020-09-01 09:02:57', 189),
(240, 'সীমা দাস', 'কূমনা', '01762418172', '2020-09-01 09:07:46', '2020-09-01 09:07:46', 190),
(241, 'রুপন পাল', 'পাগলা', '01772900057', '2020-09-01 09:09:01', '2020-09-01 09:09:01', 191),
(242, 'চম্পা দে', 'মন্ডলীভোগ', '01794967821', '2020-09-01 09:12:01', '2020-09-01 09:12:01', 192),
(243, 'টুম্পা পাল', 'সরকারী পুকুর পাড়', '01714755595', '2020-09-01 09:14:09', '2020-09-01 09:14:09', 193),
(244, 'শিল্পী রানী দাস', 'সরকারী পুকুর পাড়', '01717567607', '2020-09-01 09:15:34', '2020-09-01 09:15:34', 194),
(245, 'শিল্পী কণা রায়', 'সরকারী পুকুর পাড়', '01742234974', '2020-09-01 09:17:02', '2020-09-01 09:17:02', 195),
(246, 'মনসা রানী পাল', 'সরকারী পুকুর পাড়', '01791333871', '2020-09-01 09:18:30', '2020-09-01 09:18:30', 196),
(247, 'সুনতি রানী দাস', 'সরকারী পুকুর পাড়', '01722422142', '2020-09-01 09:20:22', '2020-09-01 09:20:22', 197),
(248, 'মিলন রানী দাস', 'সরকারী পুকুর পাড়', '01722314360', '2020-09-01 09:21:57', '2020-09-01 09:21:57', 198),
(249, 'সীমা দাস', 'সরকারী পুকুর পাড়', '01717567607', '2020-09-01 09:23:03', '2020-09-01 09:23:03', 199),
(250, 'শুক্লা কর', 'সরকারী পুকুর পাড়', '01717567607', '2020-09-01 09:24:28', '2020-09-01 09:24:28', 200),
(251, 'আরতী শীল', 'সরকারী পুকুর পাড়', '01717567607', '2020-09-01 09:25:22', '2020-09-01 09:25:22', 201),
(252, 'সুলেখা দাস', 'হাসপাতাল রোড', '01717567607', '2020-09-01 09:27:33', '2021-01-24 10:51:32', 202),
(253, 'পিংকু দাস', 'সিলেট', '01713301125', '2020-09-01 09:30:18', '2020-09-01 09:30:18', 203),
(254, 'অপু মালাকার', 'হাসপাতাল রোড', '01778132509', '2020-09-01 09:32:13', '2020-09-01 09:32:13', 204),
(255, 'প্রত্যয় পাল', 'বাগবাড়ি', '01755871935', '2020-09-01 09:33:27', '2020-09-01 09:33:27', 205),
(256, 'তমাল কুমার দাস', 'মধ্য বাজার', '01913582256', '2020-09-01 09:34:42', '2020-09-01 09:34:42', 206),
(257, 'বেনু দাস', 'সরকারি পুকুর পাড়', '01737014179', '2020-09-07 12:34:46', '2020-09-07 12:34:46', 207);

-- --------------------------------------------------------

--
-- Table structure for table `failed_jobs`
--

CREATE TABLE `failed_jobs` (
  `id` bigint(20) UNSIGNED NOT NULL,
  `connection` text COLLATE utf8mb4_unicode_ci NOT NULL,
  `queue` text COLLATE utf8mb4_unicode_ci NOT NULL,
  `payload` longtext COLLATE utf8mb4_unicode_ci NOT NULL,
  `exception` longtext COLLATE utf8mb4_unicode_ci NOT NULL,
  `failed_at` timestamp NOT NULL DEFAULT current_timestamp()
) ENGINE=InnoDB DEFAULT CHARSET=utf8mb4 COLLATE=utf8mb4_unicode_ci ROW_FORMAT=DYNAMIC;

-- --------------------------------------------------------

--
-- Table structure for table `investments`
--

CREATE TABLE `investments` (
  `id` int(11) UNSIGNED NOT NULL,
  `name` varchar(255) NOT NULL,
  `address` varchar(255) DEFAULT NULL,
  `phone` varchar(255) DEFAULT NULL,
  `amount` varchar(255) NOT NULL,
  `created_at` timestamp NULL DEFAULT NULL,
  `updated_at` timestamp NULL DEFAULT NULL,
  `january` varchar(255) DEFAULT '0',
  `february` varchar(255) DEFAULT '0',
  `march` varchar(255) DEFAULT '0',
  `april` varchar(255) DEFAULT '0',
  `may` varchar(255) DEFAULT '0',
  `june` varchar(255) DEFAULT '0',
  `july` varchar(255) DEFAULT '0',
  `august` varchar(255) DEFAULT '0',
  `september` varchar(255) DEFAULT '0',
  `october` varchar(255) DEFAULT '0',
  `november` varchar(255) DEFAULT '0',
  `december` varchar(255) DEFAULT '0',
  `purpose` varchar(255) DEFAULT NULL
) ENGINE=InnoDB DEFAULT CHARSET=utf8mb4 ROW_FORMAT=DYNAMIC;

--
-- Dumping data for table `investments`
--

INSERT INTO `investments` (`id`, `name`, `address`, `phone`, `amount`, `created_at`, `updated_at`, `january`, `february`, `march`, `april`, `may`, `june`, `july`, `august`, `september`, `october`, `november`, `december`, `purpose`) VALUES
(31, 'লিটন তহবিলদার', 'শ্রীকৃষ্ণ ভবন', '01835643464', '100000', '2020-08-30 00:57:02', '2021-02-14 23:49:16', '0', '2700', '2000', '2000', '2000', '2000', '3600', '2800', '2800', '2800', '3000', '103000', NULL),
(35, 'শিবলী নোমান সবুজ', 'মন্ডলীভোগ', '01713117092', '550000', '2020-10-12 18:51:55', '2021-03-24 15:22:12', '100000', '200000', '0', '0', '0', '0', '0', '0', '0', '0', '0', '0', NULL),
(36, 'সুমন সরকার', 'মাতৃ জুয়েলার্স', '01746462150', '15000', '2020-11-10 15:26:15', '2021-03-24 15:21:34', '5000', '0', '0', '0', '0', '0', '0', '0', '0', '0', '0', '0', NULL),
(37, 'রাজন ঘোষ', 'ঘোষ বাড়ি', NULL, '65000', '2020-11-19 12:16:29', '2020-11-19 12:16:29', '0', '0', '0', '0', '0', '0', '0', '0', '0', '0', '0', '0', 'Business'),
(41, 'নয়ন পাল', 'মাতৃ জুয়েলার্স', NULL, '14500', '2020-12-24 15:18:20', '2020-12-24 15:18:20', '0', '0', '0', '0', '0', '0', '0', '0', '0', '0', '0', '0', NULL),
(43, 'ভিকি দে', NULL, NULL, '96200', '2021-01-23 15:33:11', '2021-01-23 15:33:11', '0', '0', '0', '0', '0', '0', '0', '0', '0', '0', '0', '0', 'Business'),
(44, 'লিটন তহবিলদার', 'শ্রী কৃষ্ণ ভবন', NULL, '100000', '2021-02-14 23:50:50', '2021-06-02 12:01:31', '3500', '3400', '3200', '3200', '0', '0', '0', '0', '0', '0', '0', '0', NULL);

-- --------------------------------------------------------

--
-- Table structure for table `migrations`
--

CREATE TABLE `migrations` (
  `id` int(10) UNSIGNED NOT NULL,
  `migration` varchar(191) COLLATE utf8mb4_unicode_ci NOT NULL,
  `batch` int(11) NOT NULL
) ENGINE=InnoDB DEFAULT CHARSET=utf8mb4 COLLATE=utf8mb4_unicode_ci ROW_FORMAT=DYNAMIC;

--
-- Dumping data for table `migrations`
--

INSERT INTO `migrations` (`id`, `migration`, `batch`) VALUES
(1, '2014_10_12_000000_create_users_table', 1),
(2, '2014_10_12_100000_create_password_resets_table', 1),
(3, '2019_08_19_000000_create_failed_jobs_table', 1);

-- --------------------------------------------------------

--
-- Table structure for table `occasions`
--

CREATE TABLE `occasions` (
  `id` int(11) UNSIGNED NOT NULL,
  `name` varchar(255) NOT NULL,
  `year` varchar(255) NOT NULL,
  `created_at` timestamp NULL DEFAULT NULL,
  `updated_at` timestamp NULL DEFAULT NULL,
  `addfund` varchar(255) DEFAULT NULL,
  `cutfund` varchar(255) DEFAULT NULL
) ENGINE=InnoDB DEFAULT CHARSET=utf8mb4 ROW_FORMAT=DYNAMIC;

--
-- Dumping data for table `occasions`
--

INSERT INTO `occasions` (`id`, `name`, `year`, `created_at`, `updated_at`, `addfund`, `cutfund`) VALUES
(5, 'ভাগবত পাঠ ২০২১', '2021', '2020-08-30 00:48:45', '2020-08-30 16:11:15', NULL, NULL),
(6, 'পাঠ 19/02/2021', '2021', '2021-02-14 23:53:19', '2021-02-14 23:53:19', NULL, NULL);

-- --------------------------------------------------------

--
-- Table structure for table `occasion_amounts`
--

CREATE TABLE `occasion_amounts` (
  `id` int(11) UNSIGNED NOT NULL,
  `occasion_id` int(11) NOT NULL,
  `name` varchar(255) NOT NULL,
  `created_at` timestamp NULL DEFAULT NULL,
  `updated_at` timestamp NULL DEFAULT NULL,
  `addfund` varchar(255) DEFAULT NULL,
  `cutfund` varchar(255) DEFAULT NULL
) ENGINE=InnoDB DEFAULT CHARSET=utf8mb4 ROW_FORMAT=DYNAMIC;

--
-- Dumping data for table `occasion_amounts`
--

INSERT INTO `occasion_amounts` (`id`, `occasion_id`, `name`, `created_at`, `updated_at`, `addfund`, `cutfund`) VALUES
(17, 5, 'সুজিত পাল', '2020-08-30 00:50:26', '2020-08-30 00:50:26', '4000', NULL),
(18, 5, 'আজিত কুমার দাস', '2020-08-30 00:52:28', '2020-08-30 00:52:28', '100', NULL),
(19, 5, 'দ্বিজহরি দেবনাথ', '2020-08-30 00:54:04', '2020-08-30 00:54:04', '1000', NULL),
(20, 5, 'পাঠক', '2020-08-30 16:11:41', '2020-08-30 16:11:41', NULL, '8750'),
(21, 5, 'মূর্তি সাগর', '2020-08-30 16:12:55', '2020-08-30 16:12:55', NULL, '7500'),
(22, 5, 'Website', '2020-08-30 16:13:36', '2020-08-30 16:13:36', NULL, '5000'),
(24, 5, 'রিংকু সরকার', '2021-01-18 19:03:37', '2021-01-18 19:03:37', '105', NULL),
(25, 5, 'শাড়ী', '2021-02-14 23:48:31', '2021-02-14 23:48:31', NULL, '9120'),
(26, 6, 'পঙ্কজ চৌধুরী', '2021-02-14 23:54:37', '2021-02-14 23:54:37', '300', NULL),
(27, 5, 'সাগর মূর্তি', '2021-03-23 16:23:32', '2021-03-23 16:23:32', NULL, '5000');

-- --------------------------------------------------------

--
-- Table structure for table `password_resets`
--

CREATE TABLE `password_resets` (
  `email` varchar(191) COLLATE utf8mb4_unicode_ci NOT NULL,
  `token` varchar(191) COLLATE utf8mb4_unicode_ci NOT NULL,
  `created_at` timestamp NULL DEFAULT NULL
) ENGINE=InnoDB DEFAULT CHARSET=utf8mb4 COLLATE=utf8mb4_unicode_ci ROW_FORMAT=DYNAMIC;

-- --------------------------------------------------------

--
-- Table structure for table `users`
--

CREATE TABLE `users` (
  `id` bigint(20) UNSIGNED NOT NULL,
  `name` varchar(191) COLLATE utf8mb4_unicode_ci NOT NULL,
  `email` varchar(191) COLLATE utf8mb4_unicode_ci NOT NULL,
  `email_verified_at` timestamp NULL DEFAULT NULL,
  `password` varchar(191) COLLATE utf8mb4_unicode_ci NOT NULL,
  `remember_token` varchar(100) COLLATE utf8mb4_unicode_ci DEFAULT NULL,
  `created_at` timestamp NULL DEFAULT NULL,
  `updated_at` timestamp NULL DEFAULT NULL
) ENGINE=InnoDB DEFAULT CHARSET=utf8mb4 COLLATE=utf8mb4_unicode_ci ROW_FORMAT=DYNAMIC;

--
-- Dumping data for table `users`
--

INSERT INTO `users` (`id`, `name`, `email`, `email_verified_at`, `password`, `remember_token`, `created_at`, `updated_at`) VALUES
(1, 'Sujit Paul', 'misujit@gmail.com', NULL, '$2y$10$M9HiavAzcgwN1IHgBMnzYObsCI5cQ1j7sdMTTWglXbvfCfnZWX8kK', 'vA3SQVziriXadE3ffjYzzFSJ98QkLhL62JUdGaS11Wiw1FELJHgVmkZ9Dq4O', '2020-08-05 15:43:53', '2020-08-05 15:43:53'),
(5, 'Demo', 'demo@gmail.com', NULL, '$2y$10$Rf9Wo3Iod7.dshPuvkO/4eUqgP5FEtTmB.aXvSKYe3.GcX8HltTJC', NULL, '2020-08-23 19:24:31', '2020-08-23 19:24:31');

--
-- Indexes for dumped tables
--

--
-- Indexes for table `deposits`
--
ALTER TABLE `deposits`
  ADD PRIMARY KEY (`id`) USING BTREE;

--
-- Indexes for table `donate_users`
--
ALTER TABLE `donate_users`
  ADD PRIMARY KEY (`id`) USING BTREE;

--
-- Indexes for table `doners`
--
ALTER TABLE `doners`
  ADD PRIMARY KEY (`id`) USING BTREE;

--
-- Indexes for table `failed_jobs`
--
ALTER TABLE `failed_jobs`
  ADD PRIMARY KEY (`id`) USING BTREE;

--
-- Indexes for table `investments`
--
ALTER TABLE `investments`
  ADD PRIMARY KEY (`id`) USING BTREE;

--
-- Indexes for table `migrations`
--
ALTER TABLE `migrations`
  ADD PRIMARY KEY (`id`) USING BTREE;

--
-- Indexes for table `occasions`
--
ALTER TABLE `occasions`
  ADD PRIMARY KEY (`id`) USING BTREE;

--
-- Indexes for table `occasion_amounts`
--
ALTER TABLE `occasion_amounts`
  ADD PRIMARY KEY (`id`) USING BTREE;

--
-- Indexes for table `password_resets`
--
ALTER TABLE `password_resets`
  ADD KEY `password_resets_email_index` (`email`) USING BTREE;

--
-- Indexes for table `users`
--
ALTER TABLE `users`
  ADD PRIMARY KEY (`id`) USING BTREE,
  ADD UNIQUE KEY `users_email_unique` (`email`) USING BTREE;

--
-- AUTO_INCREMENT for dumped tables
--

--
-- AUTO_INCREMENT for table `deposits`
--
ALTER TABLE `deposits`
  MODIFY `id` int(11) UNSIGNED NOT NULL AUTO_INCREMENT, AUTO_INCREMENT=13;

--
-- AUTO_INCREMENT for table `donate_users`
--
ALTER TABLE `donate_users`
  MODIFY `id` int(11) UNSIGNED NOT NULL AUTO_INCREMENT, AUTO_INCREMENT=508;

--
-- AUTO_INCREMENT for table `doners`
--
ALTER TABLE `doners`
  MODIFY `id` int(11) UNSIGNED NOT NULL AUTO_INCREMENT, AUTO_INCREMENT=258;

--
-- AUTO_INCREMENT for table `failed_jobs`
--
ALTER TABLE `failed_jobs`
  MODIFY `id` bigint(20) UNSIGNED NOT NULL AUTO_INCREMENT;

--
-- AUTO_INCREMENT for table `investments`
--
ALTER TABLE `investments`
  MODIFY `id` int(11) UNSIGNED NOT NULL AUTO_INCREMENT, AUTO_INCREMENT=45;

--
-- AUTO_INCREMENT for table `migrations`
--
ALTER TABLE `migrations`
  MODIFY `id` int(10) UNSIGNED NOT NULL AUTO_INCREMENT, AUTO_INCREMENT=4;

--
-- AUTO_INCREMENT for table `occasions`
--
ALTER TABLE `occasions`
  MODIFY `id` int(11) UNSIGNED NOT NULL AUTO_INCREMENT, AUTO_INCREMENT=7;

--
-- AUTO_INCREMENT for table `occasion_amounts`
--
ALTER TABLE `occasion_amounts`
  MODIFY `id` int(11) UNSIGNED NOT NULL AUTO_INCREMENT, AUTO_INCREMENT=28;

--
-- AUTO_INCREMENT for table `users`
--
ALTER TABLE `users`
  MODIFY `id` bigint(20) UNSIGNED NOT NULL AUTO_INCREMENT, AUTO_INCREMENT=6;
COMMIT;

/*!40101 SET CHARACTER_SET_CLIENT=@OLD_CHARACTER_SET_CLIENT */;
/*!40101 SET CHARACTER_SET_RESULTS=@OLD_CHARACTER_SET_RESULTS */;
/*!40101 SET COLLATION_CONNECTION=@OLD_COLLATION_CONNECTION */;
